day,hour,junction_id,is_rush_hour,is_weekend,weather_encoded,vehicle_count,congestion_level
0,0,J1,0,0,2,16,0
0,0,J2,0,0,0,19,0
0,0,J3,0,0,0,18,0
0,0,J4,0,0,0,16,0
0,0,J5,0,0,2,23,0
0,1,J1,0,0,0,24,0
0,1,J2,0,0,1,25,0
0,1,J3,0,0,0,18,0
0,1,J4,0,0,0,23,0
0,1,J5,0,0,2,15,0
0,2,J1,0,0,2,18,0
0,2,J2,0,0,2,25,0
0,2,J3,0,0,2,23,0
0,2,J4,0,0,1,35,1
0,2,J5,0,0,2,19,0
0,3,J1,0,0,0,17,0
0,3,J2,0,0,2,21,0
0,3,J3,0,0,1,31,1
0,3,J4,0,0,0,20,0
0,3,J5,0,0,0,16,0
0,4,J1,0,0,1,31,1
0,4,J2,0,0,1,38,1
0,4,J3,0,0,0,22,0
0,4,J4,0,0,2,16,0
0,4,J5,0,0,1,34,1
0,5,J1,0,0,1,44,1
0,5,J2,0,0,1,37,1
0,5,J3,0,0,2,16,0
0,5,J4,0,0,0,25,0
0,5,J5,0,0,0,19,0
0,6,J1,0,0,0,18,0
0,6,J2,0,0,0,21,0
0,6,J3,0,0,1,42,1
0,6,J4,0,0,1,32,1
0,6,J5,0,0,1,38,1
0,7,J1,0,0,1,45,1
0,7,J2,0,0,0,24,0
0,7,J3,0,0,2,17,0
0,7,J4,0,0,2,18,0
0,7,J5,0,0,0,22,0
0,8,J1,1,0,1,81,2
0,8,J2,1,0,0,71,2
0,8,J3,1,0,0,52,1
0,8,J4,1,0,1,72,2
0,8,J5,1,0,0,83,2
0,9,J1,1,0,2,58,1
0,9,J2,1,0,2,66,2
0,9,J3,1,0,2,61,2
0,9,J4,1,0,1,70,2
0,9,J5,1,0,2,62,2
0,10,J1,0,0,1,40,1
0,10,J2,0,0,1,30,1
0,10,J3,0,0,2,22,0
0,10,J4,0,0,0,15,0
0,10,J5,0,0,0,17,0
0,11,J1,0,0,2,17,0
0,11,J2,0,0,2,21,0
0,11,J3,0,0,2,16,0
0,11,J4,0,0,1,40,1
0,11,J5,0,0,1,37,1
0,12,J1,0,0,2,15,0
0,12,J2,0,0,2,16,0
0,12,J3,0,0,2,23,0
0,12,J4,0,0,1,40,1
0,12,J5,0,0,0,19,0
0,13,J1,0,0,1,34,1
0,13,J2,0,0,0,19,0
0,13,J3,0,0,2,17,0
0,13,J4,0,0,2,16,0
0,13,J5,0,0,2,19,0
0,14,J1,0,0,2,23,0
0,14,J2,0,0,2,18,0
0,14,J3,0,0,0,20,0
0,14,J4,0,0,0,23,0
0,14,J5,0,0,2,15,0
0,15,J1,0,0,2,20,0
0,15,J2,0,0,1,26,0
0,15,J3,0,0,1,32,1
0,15,J4,0,0,0,18,0
0,15,J5,0,0,2,16,0
0,16,J1,0,0,0,22,0
0,16,J2,0,0,0,23,0
0,16,J3,0,0,0,17,0
0,16,J4,0,0,2,22,0
0,16,J5,0,0,2,17,0
0,17,J1,1,0,1,86,2
0,17,J2,1,0,0,82,2
0,17,J3,1,0,2,70,2
0,17,J4,1,0,2,60,2
0,17,J5,1,0,2,70,2
0,18,J1,1,0,1,98,2
0,18,J2,1,0,0,55,1
0,18,J3,1,0,0,55,1
0,18,J4,1,0,2,65,2
0,18,J5,1,0,2,52,1
0,19,J1,1,0,0,77,2
0,19,J2,1,0,0,53,1
0,19,J3,1,0,0,77,2
0,19,J4,1,0,0,64,2
0,19,J5,1,0,1,86,2
0,20,J1,0,0,2,17,0
0,20,J2,0,0,2,24,0
0,20,J3,0,0,2,22,0
0,20,J4,0,0,0,22,0
0,20,J5,0,0,1,29,0
0,21,J1,0,0,0,25,0
0,21,J2,0,0,1,36,1
0,21,J3,0,0,1,32,1
0,21,J4,0,0,2,25,0
0,21,J5,0,0,2,16,0
0,22,J1,0,0,0,21,0
0,22,J2,0,0,2,20,0
0,22,J3,0,0,0,18,0
0,22,J4,0,0,0,18,0
0,22,J5,0,0,2,22,0
0,23,J1,0,0,0,21,0
0,23,J2,0,0,0,19,0
0,23,J3,0,0,1,29,0
0,23,J4,0,0,1,34,1
0,23,J5,0,0,0,25,0
1,0,J1,0,0,2,15,0
1,0,J2,0,0,0,18,0
1,0,J3,0,0,0,21,0
1,0,J4,0,0,1,35,1
1,0,J5,0,0,1,27,0
1,1,J1,0,0,1,31,1
1,1,J2,0,0,1,36,1
1,1,J3,0,0,1,43,1
1,1,J4,0,0,2,22,0
1,1,J5,0,0,0,18,0
1,2,J1,0,0,1,28,0
1,2,J2,0,0,2,23,0
1,2,J3,0,0,0,20,0
1,2,J4,0,0,0,15,0
1,2,J5,0,0,2,22,0
1,3,J1,0,0,2,23,0
1,3,J2,0,0,0,15,0
1,3,J3,0,0,2,16,0
1,3,J4,0,0,0,16,0
1,3,J5,0,0,2,16,0
1,4,J1,0,0,2,18,0
1,4,J2,0,0,1,35,1
1,4,J3,0,0,0,24,0
1,4,J4,0,0,2,15,0
1,4,J5,0,0,2,16,0
1,5,J1,0,0,1,44,1
1,5,J2,0,0,2,23,0
1,5,J3,0,0,1,32,1
1,5,J4,0,0,2,20,0
1,5,J5,0,0,0,19,0
1,6,J1,0,0,1,37,1
1,6,J2,0,0,2,19,0
1,6,J3,0,0,1,31,1
1,6,J4,0,0,0,22,0
1,6,J5,0,0,2,24,0
1,7,J1,0,0,0,16,0
1,7,J2,0,0,2,18,0
1,7,J3,0,0,2,19,0
1,7,J4,0,0,0,20,0
1,7,J5,0,0,0,18,0
1,8,J1,1,0,1,73,2
1,8,J2,1,0,2,71,2
1,8,J3,1,0,2,80,2
1,8,J4,1,0,2,55,1
1,8,J5,1,0,2,64,2
1,9,J1,1,0,0,77,2
1,9,J2,1,0,1,67,2
1,9,J3,1,0,0,57,1
1,9,J4,1,0,2,56,1
1,9,J5,1,0,0,76,2
1,10,J1,0,0,1,40,1
1,10,J2,0,0,1,26,0
1,10,J3,0,0,2,21,0
1,10,J4,0,0,1,25,0
1,10,J5,0,0,1,37,1
1,11,J1,0,0,1,34,1
1,11,J2,0,0,2,21,0
1,11,J3,0,0,2,15,0
1,11,J4,0,0,0,16,0
1,11,J5,0,0,2,17,0
1,12,J1,0,0,2,15,0
1,12,J2,0,0,1,42,1
1,12,J3,0,0,0,21,0
1,12,J4,0,0,0,15,0
1,12,J5,0,0,1,30,1
1,13,J1,0,0,1,38,1
1,13,J2,0,0,0,25,0
1,13,J3,0,0,0,20,0
1,13,J4,0,0,2,21,0
1,13,J5,0,0,2,17,0
1,14,J1,0,0,0,17,0
1,14,J2,0,0,0,21,0
1,14,J3,0,0,0,17,0
1,14,J4,0,0,2,20,0
1,14,J5,0,0,1,38,1
1,15,J1,0,0,1,28,0
1,15,J2,0,0,1,32,1
1,15,J3,0,0,0,18,0
1,15,J4,0,0,1,34,1
1,15,J5,0,0,0,18,0
1,16,J1,0,0,0,25,0
1,16,J2,0,0,0,21,0
1,16,J3,0,0,1,30,1
1,16,J4,0,0,1,40,1
1,16,J5,0,0,2,21,0
1,17,J1,1,0,2,79,2
1,17,J2,1,0,1,86,2
1,17,J3,1,0,1,73,2
1,17,J4,1,0,0,57,1
1,17,J5,1,0,1,77,2
1,18,J1,1,0,2,62,2
1,18,J2,1,0,1,95,2
1,18,J3,1,0,1,62,2
1,18,J4,1,0,2,82,2
1,18,J5,1,0,2,78,2
1,19,J1,1,0,0,62,2
1,19,J2,1,0,0,85,2
1,19,J3,1,0,1,89,2
1,19,J4,1,0,0,72,2
1,19,J5,1,0,2,64,2
1,20,J1,0,0,1,36,1
1,20,J2,0,0,2,19,0
1,20,J3,0,0,2,17,0
1,20,J4,0,0,0,21,0
1,20,J5,0,0,2,21,0
1,21,J1,0,0,2,17,0
1,21,J2,0,0,2,24,0
1,21,J3,0,0,1,39,1
1,21,J4,0,0,0,19,0
1,21,J5,0,0,1,34,1
1,22,J1,0,0,2,24,0
1,22,J2,0,0,2,20,0
1,22,J3,0,0,1,39,1
1,22,J4,0,0,2,18,0
1,22,J5,0,0,2,22,0
1,23,J1,0,0,2,17,0
1,23,J2,0,0,2,16,0
1,23,J3,0,0,1,43,1
1,23,J4,0,0,2,24,0
1,23,J5,0,0,1,29,0
2,0,J1,0,0,2,19,0
2,0,J2,0,0,0,18,0
2,0,J3,0,0,0,15,0
2,0,J4,0,0,0,18,0
2,0,J5,0,0,1,35,1
2,1,J1,0,0,1,41,1
2,1,J2,0,0,2,18,0
2,1,J3,0,0,2,21,0
2,1,J4,0,0,1,34,1
2,1,J5,0,0,0,25,0
2,2,J1,0,0,2,15,0
2,2,J2,0,0,0,21,0
2,2,J3,0,0,0,17,0
2,2,J4,0,0,2,23,0
2,2,J5,0,0,1,33,1
2,3,J1,0,0,0,16,0
2,3,J2,0,0,1,34,1
2,3,J3,0,0,2,23,0
2,3,J4,0,0,2,24,0
2,3,J5,0,0,1,41,1
2,4,J1,0,0,2,23,0
2,4,J2,0,0,1,40,1
2,4,J3,0,0,0,22,0
2,4,J4,0,0,1,32,1
2,4,J5,0,0,2,19,0
2,5,J1,0,0,2,22,0
2,5,J2,0,0,2,18,0
2,5,J3,0,0,1,33,1
2,5,J4,0,0,2,19,0
2,5,J5,0,0,0,19,0
2,6,J1,0,0,1,38,1
2,6,J2,0,0,0,17,0
2,6,J3,0,0,0,18,0
2,6,J4,0,0,1,30,1
2,6,J5,0,0,0,21,0
2,7,J1,0,0,1,38,1
2,7,J2,0,0,1,31,1
2,7,J3,0,0,0,21,0
2,7,J4,0,0,1,34,1
2,7,J5,0,0,2,21,0
2,8,J1,1,0,1,64,2
2,8,J2,1,0,1,96,2
2,8,J3,1,0,2,76,2
2,8,J4,1,0,2,76,2
2,8,J5,1,0,1,72,2
2,9,J1,1,0,1,66,2
2,9,J2,1,0,2,72,2
2,9,J3,1,0,2,57,1
2,9,J4,1,0,0,72,2
2,9,J5,1,0,0,80,2
2,10,J1,0,0,2,24,0
2,10,J2,0,0,2,15,0
2,10,J3,0,0,0,25,0
2,10,J4,0,0,1,34,1
2,10,J5,0,0,0,15,0
2,11,J1,0,0,1,36,1
2,11,J2,0,0,0,22,0
2,11,J3,0,0,1,36,1
2,11,J4,0,0,1,35,1
2,11,J5,0,0,0,22,0
2,12,J1,0,0,0,23,0
2,12,J2,0,0,0,20,0
2,12,J3,0,0,0,25,0
2,12,J4,0,0,0,25,0
2,12,J5,0,0,0,15,0
2,13,J1,0,0,0,18,0
2,13,J2,0,0,0,24,0
2,13,J3,0,0,0,18,0
2,13,J4,0,0,0,22,0
2,13,J5,0,0,2,16,0
2,14,J1,0,0,2,18,0
2,14,J2,0,0,1,34,1
2,14,J3,0,0,0,24,0
2,14,J4,0,0,2,16,0
2,14,J5,0,0,0,19,0
2,15,J1,0,0,0,24,0
2,15,J2,0,0,0,19,0
2,15,J3,0,0,2,25,0
2,15,J4,0,0,1,34,1
2,15,J5,0,0,0,24,0
2,16,J1,0,0,2,25,0
2,16,J2,0,0,0,16,0
2,16,J3,0,0,2,19,0
2,16,J4,0,0,2,24,0
2,16,J5,0,0,0,24,0
2,17,J1,1,0,0,64,2
2,17,J2,1,0,1,82,2
2,17,J3,1,0,2,70,2
2,17,J4,1,0,0,78,2
2,17,J5,1,0,1,69,2
2,18,J1,1,0,2,80,2
2,18,J2,1,0,2,55,1
2,18,J3,1,0,0,76,2
2,18,J4,1,0,2,62,2
2,18,J5,1,0,2,76,2
2,19,J1,1,0,1,81,2
2,19,J2,1,0,1,86,2
2,19,J3,1,0,1,93,2
2,19,J4,1,0,1,92,2
2,19,J5,1,0,1,72,2
2,20,J1,0,0,1,34,1
2,20,J2,0,0,0,20,0
2,20,J3,0,0,1,34,1
2,20,J4,0,0,2,19,0
2,20,J5,0,0,2,15,0
2,21,J1,0,0,2,18,0
2,21,J2,0,0,0,18,0
2,21,J3,0,0,2,21,0
2,21,J4,0,0,1,36,1
2,21,J5,0,0,2,22,0
2,22,J1,0,0,2,22,0
2,22,J2,0,0,1,26,0
2,22,J3,0,0,1,34,1
2,22,J4,0,0,2,18,0
2,22,J5,0,0,1,44,1
2,23,J1,0,0,1,40,1
2,23,J2,0,0,2,20,0
2,23,J3,0,0,1,38,1
2,23,J4,0,0,1,36,1
2,23,J5,0,0,1,32,1
3,0,J1,0,0,0,18,0
3,0,J2,0,0,1,34,1
3,0,J3,0,0,2,17,0
3,0,J4,0,0,0,18,0
3,0,J5,0,0,2,22,0
3,1,J1,0,0,1,42,1
3,1,J2,0,0,2,19,0
3,1,J3,0,0,0,18,0
3,1,J4,0,0,1,33,1
3,1,J5,0,0,0,19,0
3,2,J1,0,0,0,23,0
3,2,J2,0,0,0,19,0
3,2,J3,0,0,0,15,0
3,2,J4,0,0,2,19,0
3,2,J5,0,0,2,17,0
3,3,J1,0,0,2,22,0
3,3,J2,0,0,0,15,0
3,3,J3,0,0,2,19,0
3,3,J4,0,0,1,39,1
3,3,J5,0,0,1,27,0
3,4,J1,0,0,1,33,1
3,4,J2,0,0,0,21,0
3,4,J3,0,0,1,35,1
3,4,J4,0,0,2,25,0
3,4,J5,0,0,0,17,0
3,5,J1,0,0,0,24,0
3,5,J2,0,0,1,29,0
3,5,J3,0,0,0,23,0
3,5,J4,0,0,1,43,1
3,5,J5,0,0,2,18,0
3,6,J1,0,0,2,21,0
3,6,J2,0,0,1,36,1
3,6,J3,0,0,2,21,0
3,6,J4,0,0,1,43,1
3,6,J5,0,0,0,24,0
3,7,J1,0,0,2,16,0
3,7,J2,0,0,0,25,0
3,7,J3,0,0,0,19,0
3,7,J4,0,0,2,16,0
3,7,J5,0,0,0,18,0
3,8,J1,1,0,0,63,2
3,8,J2,1,0,0,51,1
3,8,J3,1,0,1,93,2
3,8,J4,1,0,1,63,2
3,8,J5,1,0,2,61,2
3,9,J1,1,0,0,69,2
3,9,J2,1,0,1,99,2
3,9,J3,1,0,2,73,2
3,9,J4,1,0,1,69,2
3,9,J5,1,0,2,53,1
3,10,J1,0,0,0,16,0
3,10,J2,0,0,0,17,0
3,10,J3,0,0,1,43,1
3,10,J4,0,0,1,33,1
3,10,J5,0,0,1,35,1
3,11,J1,0,0,1,41,1
3,11,J2,0,0,1,33,1
3,11,J3,0,0,2,15,0
3,11,J4,0,0,1,39,1
3,11,J5,0,0,1,26,0
3,12,J1,0,0,0,25,0
3,12,J2,0,0,2,24,0
3,12,J3,0,0,0,25,0
3,12,J4,0,0,1,34,1
3,12,J5,0,0,0,22,0
3,13,J1,0,0,2,25,0
3,13,J2,0,0,1,31,1
3,13,J3,0,0,2,21,0
3,13,J4,0,0,2,22,0
3,13,J5,0,0,0,22,0
3,14,J1,0,0,1,36,1
3,14,J2,0,0,1,36,1
3,14,J3,0,0,0,20,0
3,14,J4,0,0,1,36,1
3,14,J5,0,0,2,21,0
3,15,J1,0,0,2,15,0
3,15,J2,0,0,1,31,1
3,15,J3,0,0,1,31,1
3,15,J4,0,0,1,33,1
3,15,J5,0,0,2,23,0
3,16,J1,0,0,1,31,1
3,16,J2,0,0,0,23,0
3,16,J3,0,0,1,41,1
3,16,J4,0,0,2,22,0
3,16,J5,0,0,0,18,0
3,17,J1,1,0,1,78,2
3,17,J2,1,0,1,91,2
3,17,J3,1,0,0,74,2
3,17,J4,1,0,0,69,2
3,17,J5,1,0,1,80,2
3,18,J1,1,0,1,61,2
3,18,J2,1,0,1,96,2
3,18,J3,1,0,0,64,2
3,18,J4,1,0,2,71,2
3,18,J5,1,0,1,95,2
3,19,J1,1,0,0,67,2
3,19,J2,1,0,0,60,2
3,19,J3,1,0,2,63,2
3,19,J4,1,0,0,59,1
3,19,J5,1,0,1,96,2
3,20,J1,0,0,0,19,0
3,20,J2,0,0,2,19,0
3,20,J3,0,0,2,24,0
3,20,J4,0,0,2,22,0
3,20,J5,0,0,0,22,0
3,21,J1,0,0,2,22,0
3,21,J2,0,0,1,38,1
3,21,J3,0,0,2,21,0
3,21,J4,0,0,1,33,1
3,21,J5,0,0,2,18,0
3,22,J1,0,0,2,21,0
3,22,J2,0,0,0,21,0
3,22,J3,0,0,0,20,0
3,22,J4,0,0,2,22,0
3,22,J5,0,0,2,21,0
3,23,J1,0,0,1,45,1
3,23,J2,0,0,0,22,0
3,23,J3,0,0,0,17,0
3,23,J4,0,0,2,24,0
3,23,J5,0,0,1,33,1
4,0,J1,0,0,0,23,0
4,0,J2,0,0,1,27,0
4,0,J3,0,0,1,37,1
4,0,J4,0,0,0,22,0
4,0,J5,0,0,1,39,1
4,1,J1,0,0,2,21,0
4,1,J2,0,0,2,16,0
4,1,J3,0,0,1,43,1
4,1,J4,0,0,1,40,1
4,1,J5,0,0,2,22,0
4,2,J1,0,0,2,15,0
4,2,J2,0,0,2,16,0
4,2,J3,0,0,0,25,0
4,2,J4,0,0,2,19,0
4,2,J5,0,0,0,16,0
4,3,J1,0,0,1,36,1
4,3,J2,0,0,2,16,0
4,3,J3,0,0,1,31,1
4,3,J4,0,0,0,15,0
4,3,J5,0,0,1,29,0
4,4,J1,0,0,1,36,1
4,4,J2,0,0,0,18,0
4,4,J3,0,0,2,21,0
4,4,J4,0,0,2,25,0
4,4,J5,0,0,0,17,0
4,5,J1,0,0,0,16,0
4,5,J2,0,0,2,21,0
4,5,J3,0,0,2,25,0
4,5,J4,0,0,0,22,0
4,5,J5,0,0,2,17,0
4,6,J1,0,0,0,22,0
4,6,J2,0,0,2,19,0
4,6,J3,0,0,1,39,1
4,6,J4,0,0,0,22,0
4,6,J5,0,0,1,43,1
4,7,J1,0,0,0,16,0
4,7,J2,0,0,1,39,1
4,7,J3,0,0,1,41,1
4,7,J4,0,0,2,19,0
4,7,J5,0,0,1,32,1
4,8,J1,1,0,1,90,2
4,8,J2,1,0,0,66,2
4,8,J3,1,0,1,81,2
4,8,J4,1,0,0,81,2
4,8,J5,1,0,1,72,2
4,9,J1,1,0,2,69,2
4,9,J2,1,0,2,75,2
4,9,J3,1,0,1,91,2
4,9,J4,1,0,1,75,2
4,9,J5,1,0,2,63,2
4,10,J1,0,0,2,25,0
4,10,J2,0,0,2,17,0
4,10,J3,0,0,2,16,0
4,10,J4,0,0,2,25,0
4,10,J5,0,0,0,19,0
4,11,J1,0,0,1,34,1
4,11,J2,0,0,1,28,0
4,11,J3,0,0,1,36,1
4,11,J4,0,0,0,18,0
4,11,J5,0,0,0,23,0
4,12,J1,0,0,1,41,1
4,12,J2,0,0,1,31,1
4,12,J3,0,0,1,34,1
4,12,J4,0,0,0,22,0
4,12,J5,0,0,0,17,0
4,13,J1,0,0,0,25,0
4,13,J2,0,0,2,25,0
4,13,J3,0,0,1,38,1
4,13,J4,0,0,0,21,0
4,13,J5,0,0,0,19,0
4,14,J1,0,0,2,16,0
4,14,J2,0,0,1,40,1
4,14,J3,0,0,2,25,0
4,14,J4,0,0,1,40,1
4,14,J5,0,0,2,20,0
4,15,J1,0,0,0,25,0
4,15,J2,0,0,0,22,0
4,15,J3,0,0,0,24,0
4,15,J4,0,0,2,20,0
4,15,J5,0,0,2,18,0
4,16,J1,0,0,2,16,0
4,16,J2,0,0,2,22,0
4,16,J3,0,0,2,19,0
4,16,J4,0,0,2,21,0
4,16,J5,0,0,0,17,0
4,17,J1,1,0,0,75,2
4,17,J2,1,0,1,72,2
4,17,J3,1,0,0,81,2
4,17,J4,1,0,0,64,2
4,17,J5,1,0,1,90,2
4,18,J1,1,0,2,70,2
4,18,J2,1,0,1,83,2
4,18,J3,1,0,2,62,2
4,18,J4,1,0,0,72,2
4,18,J5,1,0,0,66,2
4,19,J1,1,0,0,77,2
4,19,J2,1,0,0,71,2
4,19,J3,1,0,2,83,2
4,19,J4,1,0,1,66,2
4,19,J5,1,0,0,76,2
4,20,J1,0,0,1,36,1
4,20,J2,0,0,0,25,0
4,20,J3,0,0,2,24,0
4,20,J4,0,0,0,15,0
4,20,J5,0,0,1,30,1
4,21,J1,0,0,2,18,0
4,21,J2,0,0,0,23,0
4,21,J3,0,0,0,24,0
4,21,J4,0,0,0,18,0
4,21,J5,0,0,1,36,1
4,22,J1,0,0,0,19,0
4,22,J2,0,0,0,17,0
4,22,J3,0,0,2,19,0
4,22,J4,0,0,0,16,0
4,22,J5,0,0,2,15,0
4,23,J1,0,0,0,15,0
4,23,J2,0,0,1,37,1
4,23,J3,0,0,1,27,0
4,23,J4,0,0,1,27,0
4,23,J5,0,0,2,21,0
5,0,J1,0,1,2,10,0
5,0,J2,0,1,1,30,1
5,0,J3,0,1,2,16,0
5,0,J4,0,1,2,16,0
5,0,J5,0,1,0,8,0
5,1,J1,0,1,1,17,0
5,1,J2,0,1,0,9,0
5,1,J3,0,1,1,36,1
5,1,J4,0,1,2,4,0
5,1,J5,0,1,0,14,0
5,2,J1,0,1,0,11,0
5,2,J2,0,1,1,28,0
5,2,J3,0,1,2,11,0
5,2,J4,0,1,2,6,0
5,2,J5,0,1,1,25,0
5,3,J1,0,1,0,19,0
5,3,J2,0,1,2,5,0
5,3,J3,0,1,1,30,1
5,3,J4,0,1,1,27,0
5,3,J5,0,1,2,14,0
5,4,J1,0,1,1,19,0
5,4,J2,0,1,1,19,0
5,4,J3,0,1,0,10,0
5,4,J4,0,1,0,5,0
5,4,J5,0,1,2,7,0
5,5,J1,0,1,2,19,0
5,5,J2,0,1,2,7,0
5,5,J3,0,1,2,15,0
5,5,J4,0,1,1,24,0
5,5,J5,0,1,1,30,1
5,6,J1,0,1,0,9,0
5,6,J2,0,1,0,18,0
5,6,J3,0,1,1,27,0
5,6,J4,0,1,2,6,0
5,6,J5,0,1,1,32,1
5,7,J1,0,1,2,10,0
5,7,J2,0,1,2,8,0
5,7,J3,0,1,0,11,0
5,7,J4,0,1,2,6,0
5,7,J5,0,1,0,10,0
5,8,J1,1,1,1,61,2
5,8,J2,1,1,2,56,1
5,8,J3,1,1,0,53,1
5,8,J4,1,1,0,58,1
5,8,J5,1,1,1,67,2
5,9,J1,1,1,1,64,2
5,9,J2,1,1,0,70,2
5,9,J3,1,1,0,55,1
5,9,J4,1,1,2,45,1
5,9,J5,1,1,2,55,1
5,10,J1,0,1,1,25,0
5,10,J2,0,1,2,14,0
5,10,J3,0,1,1,27,0
5,10,J4,0,1,2,8,0
5,10,J5,0,1,2,4,0
5,11,J1,0,1,0,13,0
5,11,J2,0,1,2,10,0
5,11,J3,0,1,0,9,0
5,11,J4,0,1,0,10,0
5,11,J5,0,1,1,28,0
5,12,J1,0,1,2,6,0
5,12,J2,0,1,0,12,0
5,12,J3,0,1,2,15,0
5,12,J4,0,1,2,5,0
5,12,J5,0,1,0,4,0
5,13,J1,0,1,1,14,0
5,13,J2,0,1,1,32,1
5,13,J3,0,1,1,28,0
5,13,J4,0,1,0,4,0
5,13,J5,0,1,1,20,0
5,14,J1,0,1,2,6,0
5,14,J2,0,1,1,24,0
5,14,J3,0,1,2,12,0
5,14,J4,0,1,0,8,0
5,14,J5,0,1,2,8,0
5,15,J1,0,1,1,29,0
5,15,J2,0,1,2,17,0
5,15,J3,0,1,2,12,0
5,15,J4,0,1,1,31,1
5,15,J5,0,1,0,12,0
5,16,J1,0,1,0,17,0
5,16,J2,0,1,0,1,0
5,16,J3,0,1,0,7,0
5,16,J4,0,1,1,27,0
5,16,J5,0,1,2,11,0
5,17,J1,1,1,2,64,2
5,17,J2,1,1,1,67,2
5,17,J3,1,1,1,79,2
5,17,J4,1,1,0,44,1
5,17,J5,1,1,1,71,2
5,18,J1,1,1,1,89,2
5,18,J2,1,1,0,58,1
5,18,J3,1,1,1,65,2
5,18,J4,1,1,1,81,2
5,18,J5,1,1,1,70,2
5,19,J1,1,1,0,58,1
5,19,J2,1,1,2,44,1
5,19,J3,1,1,0,45,1
5,19,J4,1,1,1,67,2
5,19,J5,1,1,1,65,2
5,20,J1,0,1,1,21,0
5,20,J2,0,1,2,5,0
5,20,J3,0,1,0,6,0
5,20,J4,0,1,2,6,0
5,20,J5,0,1,1,23,0
5,21,J1,0,1,0,6,0
5,21,J2,0,1,2,2,0
5,21,J3,0,1,1,24,0
5,21,J4,0,1,1,14,0
5,21,J5,0,1,1,32,1
5,22,J1,0,1,1,22,0
5,22,J2,0,1,2,19,0
5,22,J3,0,1,2,12,0
5,22,J4,0,1,1,19,0
5,22,J5,0,1,0,12,0
5,23,J1,0,1,1,22,0
5,23,J2,0,1,0,13,0
5,23,J3,0,1,0,10,0
5,23,J4,0,1,2,2,0
5,23,J5,0,1,2,14,0
6,0,J1,0,1,0,7,0
6,0,J2,0,1,0,10,0
6,0,J3,0,1,2,3,0
6,0,J4,0,1,2,3,0
6,0,J5,0,1,1,18,0
6,1,J1,0,1,1,32,1
6,1,J2,0,1,0,5,0
6,1,J3,0,1,1,29,0
6,1,J4,0,1,2,8,0
6,1,J5,0,1,1,26,0
6,2,J1,0,1,2,6,0
6,2,J2,0,1,0,3,0
6,2,J3,0,1,1,17,0
6,2,J4,0,1,1,35,1
6,2,J5,0,1,0,7,0
6,3,J1,0,1,0,13,0
6,3,J2,0,1,2,14,0
6,3,J3,0,1,0,14,0
6,3,J4,0,1,1,14,0
6,3,J5,0,1,1,26,0
6,4,J1,0,1,1,19,0
6,4,J2,0,1,0,6,0
6,4,J3,0,1,2,5,0
6,4,J4,0,1,0,8,0
6,4,J5,0,1,1,32,1
6,5,J1,0,1,1,30,1
6,5,J2,0,1,0,9,0
6,5,J3,0,1,0,11,0
6,5,J4,0,1,2,5,0
6,5,J5,0,1,1,20,0
6,6,J1,0,1,0,13,0
6,6,J2,0,1,2,8,0
6,6,J3,0,1,0,16,0
6,6,J4,0,1,2,2,0
6,6,J5,0,1,2,11,0
6,7,J1,0,1,0,12,0
6,7,J2,0,1,1,16,0
6,7,J3,0,1,0,7,0
6,7,J4,0,1,0,10,0
6,7,J5,0,1,0,7,0
6,8,J1,1,1,0,70,2
6,8,J2,1,1,2,65,2
6,8,J3,1,1,0,45,1
6,8,J4,1,1,2,51,1
6,8,J5,1,1,2,36,1
6,9,J1,1,1,1,58,1
6,9,J2,1,1,2,60,2
6,9,J3,1,1,0,48,1
6,9,J4,1,1,2,42,1
6,9,J5,1,1,2,47,1
6,10,J1,0,1,0,16,0
6,10,J2,0,1,0,9,0
6,10,J3,0,1,0,7,0
6,10,J4,0,1,1,22,0
6,10,J5,0,1,2,7,0
6,11,J1,0,1,0,3,0
6,11,J2,0,1,1,35,1
6,11,J3,0,1,1,28,0
6,11,J4,0,1,1,25,0
6,11,J5,0,1,1,22,0
6,12,J1,0,1,1,25,0
6,12,J2,0,1,2,5,0
6,12,J3,0,1,1,35,1
6,12,J4,0,1,1,25,0
6,12,J5,0,1,1,30,1
6,13,J1,0,1,1,25,0
6,13,J2,0,1,2,8,0
6,13,J3,0,1,1,24,0
6,13,J4,0,1,1,14,0
6,13,J5,0,1,0,10,0
6,14,J1,0,1,1,27,0
6,14,J2,0,1,0,12,0
6,14,J3,0,1,2,7,0
6,14,J4,0,1,0,9,0
6,14,J5,0,1,0,5,0
6,15,J1,0,1,1,17,0
6,15,J2,0,1,2,18,0
6,15,J3,0,1,1,27,0
6,15,J4,0,1,0,3,0
6,15,J5,0,1,2,11,0
6,16,J1,0,1,1,29,0
6,16,J2,0,1,0,12,0
6,16,J3,0,1,1,30,1
6,16,J4,0,1,0,10,0
6,16,J5,0,1,2,6,0
6,17,J1,1,1,2,45,1
6,17,J2,1,1,0,50,1
6,17,J3,1,1,0,62,2
6,17,J4,1,1,2,75,2
6,17,J5,1,1,1,73,2
6,18,J1,1,1,1,90,2
6,18,J2,1,1,0,68,2
6,18,J3,1,1,0,42,1
6,18,J4,1,1,0,58,1
6,18,J5,1,1,1,78,2
6,19,J1,1,1,2,36,1
6,19,J2,1,1,0,50,1
6,19,J3,1,1,2,56,1
6,19,J4,1,1,0,49,1
6,19,J5,1,1,0,57,1
6,20,J1,0,1,2,7,0
6,20,J2,0,1,2,9,0
6,20,J3,0,1,0,14,0
6,20,J4,0,1,2,11,0
6,20,J5,0,1,2,12,0
6,21,J1,0,1,0,13,0
6,21,J2,0,1,2,12,0
6,21,J3,0,1,2,7,0
6,21,J4,0,1,1,21,0
6,21,J5,0,1,1,16,0
6,22,J1,0,1,2,3,0
6,22,J2,0,1,2,2,0
6,22,J3,0,1,2,3,0
6,22,J4,0,1,0,9,0
6,22,J5,0,1,2,6,0
6,23,J1,0,1,2,10,0
6,23,J2,0,1,0,20,0
6,23,J3,0,1,2,16,0
6,23,J4,0,1,0,7,0
6,23,J5,0,1,2,0,0
7,0,J1,0,0,1,43,1
7,0,J2,0,0,1,39,1
7,0,J3,0,0,1,38,1
7,0,J4,0,0,1,36,1
7,0,J5,0,0,0,15,0
7,1,J1,0,0,0,22,0
7,1,J2,0,0,1,39,1
7,1,J3,0,0,0,20,0
7,1,J4,0,0,2,17,0
7,1,J5,0,0,1,35,1
7,2,J1,0,0,1,32,1
7,2,J2,0,0,2,23,0
7,2,J3,0,0,0,20,0
7,2,J4,0,0,0,22,0
7,2,J5,0,0,0,19,0
7,3,J1,0,0,1,30,1
7,3,J2,0,0,0,15,0
7,3,J3,0,0,1,40,1
7,3,J4,0,0,1,30,1
7,3,J5,0,0,1,39,1
7,4,J1,0,0,0,17,0
7,4,J2,0,0,1,40,1
7,4,J3,0,0,1,36,1
7,4,J4,0,0,0,16,0
7,4,J5,0,0,1,40,1
7,5,J1,0,0,0,18,0
7,5,J2,0,0,2,20,0
7,5,J3,0,0,0,15,0
7,5,J4,0,0,1,41,1
7,5,J5,0,0,2,25,0
7,6,J1,0,0,1,37,1
7,6,J2,0,0,0,16,0
7,6,J3,0,0,1,31,1
7,6,J4,0,0,2,20,0
7,6,J5,0,0,1,30,1
7,7,J1,0,0,1,34,1
7,7,J2,0,0,2,18,0
7,7,J3,0,0,1,37,1
7,7,J4,0,0,0,21,0
7,7,J5,0,0,2,22,0
7,8,J1,1,0,2,62,2
7,8,J2,1,0,2,65,2
7,8,J3,1,0,0,54,1
7,8,J4,1,0,1,93,2
7,8,J5,1,0,1,84,2
7,9,J1,1,0,2,67,2
7,9,J2,1,0,2,46,1
7,9,J3,1,0,0,54,1
7,9,J4,1,0,1,80,2
7,9,J5,1,0,2,81,2
7,10,J1,0,0,0,20,0
7,10,J2,0,0,2,20,0
7,10,J3,0,0,0,21,0
7,10,J4,0,0,2,19,0
7,10,J5,0,0,2,20,0
7,11,J1,0,0,2,23,0
7,11,J2,0,0,2,22,0
7,11,J3,0,0,2,24,0
7,11,J4,0,0,1,32,1
7,11,J5,0,0,1,40,1
7,12,J1,0,0,0,21,0
7,12,J2,0,0,2,19,0
7,12,J3,0,0,2,25,0
7,12,J4,0,0,0,24,0
7,12,J5,0,0,1,39,1
7,13,J1,0,0,2,24,0
7,13,J2,0,0,0,15,0
7,13,J3,0,0,2,22,0
7,13,J4,0,0,0,23,0
7,13,J5,0,0,2,24,0
7,14,J1,0,0,1,37,1
7,14,J2,0,0,0,15,0
7,14,J3,0,0,2,16,0
7,14,J4,0,0,0,15,0
7,14,J5,0,0,1,36,1
7,15,J1,0,0,0,21,0
7,15,J2,0,0,2,18,0
7,15,J3,0,0,1,42,1
7,15,J4,0,0,1,27,0
7,15,J5,0,0,2,18,0
7,16,J1,0,0,2,20,0
7,16,J2,0,0,2,22,0
7,16,J3,0,0,2,21,0
7,16,J4,0,0,1,34,1
7,16,J5,0,0,2,20,0
7,17,J1,1,0,2,66,2
7,17,J2,1,0,2,76,2
7,17,J3,1,0,2,62,2
7,17,J4,1,0,1,68,2
7,17,J5,1,0,2,57,1
7,18,J1,1,0,1,86,2
7,18,J2,1,0,2,74,2
7,18,J3,1,0,1,83,2
7,18,J4,1,0,2,57,1
7,18,J5,1,0,0,73,2
7,19,J1,1,0,2,63,2
7,19,J2,1,0,1,91,2
7,19,J3,1,0,0,55,1
7,19,J4,1,0,1,101,2
7,19,J5,1,0,1,88,2
7,20,J1,0,0,0,23,0
7,20,J2,0,0,1,37,1
7,20,J3,0,0,0,16,0
7,20,J4,0,0,2,24,0
7,20,J5,0,0,0,18,0
7,21,J1,0,0,0,25,0
7,21,J2,0,0,2,18,0
7,21,J3,0,0,2,18,0
7,21,J4,0,0,0,16,0
7,21,J5,0,0,1,37,1
7,22,J1,0,0,0,25,0
7,22,J2,0,0,0,15,0
7,22,J3,0,0,2,17,0
7,22,J4,0,0,1,42,1
7,22,J5,0,0,1,38,1
7,23,J1,0,0,1,34,1
7,23,J2,0,0,2,15,0
7,23,J3,0,0,0,25,0
7,23,J4,0,0,2,18,0
7,23,J5,0,0,2,15,0
8,0,J1,0,0,0,21,0
8,0,J2,0,0,0,15,0
8,0,J3,0,0,1,34,1
8,0,J4,0,0,2,19,0
8,0,J5,0,0,0,15,0
8,1,J1,0,0,1,43,1
8,1,J2,0,0,0,20,0
8,1,J3,0,0,1,42,1
8,1,J4,0,0,2,23,0
8,1,J5,0,0,1,35,1
8,2,J1,0,0,1,32,1
8,2,J2,0,0,0,20,0
8,2,J3,0,0,0,22,0
8,2,J4,0,0,2,19,0
8,2,J5,0,0,2,17,0
8,3,J1,0,0,0,20,0
8,3,J2,0,0,1,44,1
8,3,J3,0,0,0,17,0
8,3,J4,0,0,2,25,0
8,3,J5,0,0,1,39,1
8,4,J1,0,0,1,32,1
8,4,J2,0,0,2,16,0
8,4,J3,0,0,0,17,0
8,4,J4,0,0,1,33,1
8,4,J5,0,0,0,19,0
8,5,J1,0,0,1,35,1
8,5,J2,0,0,1,34,1
8,5,J3,0,0,2,24,0
8,5,J4,0,0,0,19,0
8,5,J5,0,0,2,20,0
8,6,J1,0,0,2,18,0
8,6,J2,0,0,0,25,0
8,6,J3,0,0,0,22,0
8,6,J4,0,0,1,33,1
8,6,J5,0,0,2,23,0
8,7,J1,0,0,2,19,0
8,7,J2,0,0,2,16,0
8,7,J3,0,0,2,19,0
8,7,J4,0,0,1,37,1
8,7,J5,0,0,0,17,0
8,8,J1,1,0,1,75,2
8,8,J2,1,0,1,83,2
8,8,J3,1,0,2,80,2
8,8,J4,1,0,0,72,2
8,8,J5,1,0,2,78,2
8,9,J1,1,0,0,68,2
8,9,J2,1,0,2,72,2
8,9,J3,1,0,0,83,2
8,9,J4,1,0,0,54,1
8,9,J5,1,0,2,60,2
8,10,J1,0,0,2,17,0
8,10,J2,0,0,0,20,0
8,10,J3,0,0,2,22,0
8,10,J4,0,0,0,25,0
8,10,J5,0,0,0,24,0
8,11,J1,0,0,1,34,1
8,11,J2,0,0,1,32,1
8,11,J3,0,0,0,23,0
8,11,J4,0,0,1,41,1
8,11,J5,0,0,0,23,0
8,12,J1,0,0,1,39,1
8,12,J2,0,0,2,15,0
8,12,J3,0,0,1,29,0
8,12,J4,0,0,2,18,0
8,12,J5,0,0,2,16,0
8,13,J1,0,0,0,21,0
8,13,J2,0,0,1,34,1
8,13,J3,0,0,0,16,0
8,13,J4,0,0,1,29,0
8,13,J5,0,0,1,29,0
8,14,J1,0,0,2,25,0
8,14,J2,0,0,1,36,1
8,14,J3,0,0,1,37,1
8,14,J4,0,0,0,25,0
8,14,J5,0,0,2,23,0
8,15,J1,0,0,0,25,0
8,15,J2,0,0,1,28,0
8,15,J3,0,0,2,21,0
8,15,J4,0,0,2,17,0
8,15,J5,0,0,2,18,0
8,16,J1,0,0,0,15,0
8,16,J2,0,0,1,42,1
8,16,J3,0,0,2,23,0
8,16,J4,0,0,1,39,1
8,16,J5,0,0,0,18,0
8,17,J1,1,0,1,72,2
8,17,J2,1,0,0,75,2
8,17,J3,1,0,0,80,2
8,17,J4,1,0,1,77,2
8,17,J5,1,0,0,48,1
8,18,J1,1,0,2,53,1
8,18,J2,1,0,2,66,2
8,18,J3,1,0,0,68,2
8,18,J4,1,0,1,80,2
8,18,J5,1,0,0,69,2
8,19,J1,1,0,0,65,2
8,19,J2,1,0,0,80,2
8,19,J3,1,0,1,92,2
8,19,J4,1,0,1,68,2
8,19,J5,1,0,2,64,2
8,20,J1,0,0,1,33,1
8,20,J2,0,0,0,23,0
8,20,J3,0,0,2,17,0
8,20,J4,0,0,2,25,0
8,20,J5,0,0,1,40,1
8,21,J1,0,0,0,20,0
8,21,J2,0,0,2,25,0
8,21,J3,0,0,1,38,1
8,21,J4,0,0,2,21,0
8,21,J5,0,0,1,31,1
8,22,J1,0,0,1,35,1
8,22,J2,0,0,1,31,1
8,22,J3,0,0,1,34,1
8,22,J4,0,0,0,23,0
8,22,J5,0,0,1,39,1
8,23,J1,0,0,2,17,0
8,23,J2,0,0,1,32,1
8,23,J3,0,0,0,20,0
8,23,J4,0,0,2,16,0
8,23,J5,0,0,1,31,1
9,0,J1,0,0,2,18,0
9,0,J2,0,0,0,19,0
9,0,J3,0,0,1,44,1
9,0,J4,0,0,2,15,0
9,0,J5,0,0,0,18,0
9,1,J1,0,0,2,25,0
9,1,J2,0,0,2,18,0
9,1,J3,0,0,1,33,1
9,1,J4,0,0,1,28,0
9,1,J5,0,0,0,16,0
9,2,J1,0,0,2,22,0
9,2,J2,0,0,0,24,0
9,2,J3,0,0,2,18,0
9,2,J4,0,0,1,36,1
9,2,J5,0,0,1,35,1
9,3,J1,0,0,1,43,1
9,3,J2,0,0,1,33,1
9,3,J3,0,0,1,40,1
9,3,J4,0,0,1,33,1
9,3,J5,0,0,1,33,1
9,4,J1,0,0,1,31,1
9,4,J2,0,0,2,18,0
9,4,J3,0,0,2,17,0
9,4,J4,0,0,0,19,0
9,4,J5,0,0,2,24,0
9,5,J1,0,0,2,21,0
9,5,J2,0,0,1,30,1
9,5,J3,0,0,1,34,1
9,5,J4,0,0,2,18,0
9,5,J5,0,0,1,43,1
9,6,J1,0,0,2,20,0
9,6,J2,0,0,1,42,1
9,6,J3,0,0,2,22,0
9,6,J4,0,0,1,32,1
9,6,J5,0,0,0,17,0
9,7,J1,0,0,2,23,0
9,7,J2,0,0,1,35,1
9,7,J3,0,0,2,15,0
9,7,J4,0,0,2,15,0
9,7,J5,0,0,0,25,0
9,8,J1,1,0,0,69,2
9,8,J2,1,0,1,72,2
9,8,J3,1,0,0,69,2
9,8,J4,1,0,0,59,1
9,8,J5,1,0,1,75,2
9,9,J1,1,0,2,75,2
9,9,J2,1,0,1,83,2
9,9,J3,1,0,0,70,2
9,9,J4,1,0,1,63,2
9,9,J5,1,0,2,61,2
9,10,J1,0,0,1,33,1
9,10,J2,0,0,2,25,0
9,10,J3,0,0,1,28,0
9,10,J4,0,0,0,23,0
9,10,J5,0,0,0,18,0
9,11,J1,0,0,0,24,0
9,11,J2,0,0,2,19,0
9,11,J3,0,0,1,35,1
9,11,J4,0,0,0,20,0
9,11,J5,0,0,1,41,1
9,12,J1,0,0,0,18,0
9,12,J2,0,0,1,36,1
9,12,J3,0,0,2,25,0
9,12,J4,0,0,0,16,0
9,12,J5,0,0,1,37,1
9,13,J1,0,0,2,22,0
9,13,J2,0,0,0,25,0
9,13,J3,0,0,0,17,0
9,13,J4,0,0,0,22,0
9,13,J5,0,0,1,40,1
9,14,J1,0,0,2,16,0
9,14,J2,0,0,2,15,0
9,14,J3,0,0,0,18,0
9,14,J4,0,0,2,24,0
9,14,J5,0,0,1,29,0
9,15,J1,0,0,0,25,0
9,15,J2,0,0,1,42,1
9,15,J3,0,0,2,15,0
9,15,J4,0,0,0,20,0
9,15,J5,0,0,0,18,0
9,16,J1,0,0,2,17,0
9,16,J2,0,0,2,21,0
9,16,J3,0,0,0,19,0
9,16,J4,0,0,0,24,0
9,16,J5,0,0,0,24,0
9,17,J1,1,0,1,89,2
9,17,J2,1,0,1,82,2
9,17,J3,1,0,2,73,2
9,17,J4,1,0,0,54,1
9,17,J5,1,0,0,72,2
9,18,J1,1,0,1,92,2
9,18,J2,1,0,1,84,2
9,18,J3,1,0,2,60,2
9,18,J4,1,0,1,75,2
9,18,J5,1,0,1,80,2
9,19,J1,1,0,2,72,2
9,19,J2,1,0,0,78,2
9,19,J3,1,0,1,84,2
9,19,J4,1,0,0,55,1
9,19,J5,1,0,1,89,2
9,20,J1,0,0,2,21,0
9,20,J2,0,0,1,31,1
9,20,J3,0,0,0,15,0
9,20,J4,0,0,1,37,1
9,20,J5,0,0,1,28,0
9,21,J1,0,0,0,17,0
9,21,J2,0,0,1,40,1
9,21,J3,0,0,2,23,0
9,21,J4,0,0,1,26,0
9,21,J5,0,0,0,20,0
9,22,J1,0,0,2,16,0
9,22,J2,0,0,2,24,0
9,22,J3,0,0,1,31,1
9,22,J4,0,0,1,37,1
9,22,J5,0,0,0,23,0
9,23,J1,0,0,0,24,0
9,23,J2,0,0,2,17,0
9,23,J3,0,0,2,21,0
9,23,J4,0,0,0,17,0
9,23,J5,0,0,1,33,1
10,0,J1,0,0,1,28,0
10,0,J2,0,0,0,21,0
10,0,J3,0,0,1,35,1
10,0,J4,0,0,1,31,1
10,0,J5,0,0,1,38,1
10,1,J1,0,0,1,43,1
10,1,J2,0,0,0,22,0
10,1,J3,0,0,0,17,0
10,1,J4,0,0,1,31,1
10,1,J5,0,0,1,40,1
10,2,J1,0,0,1,37,1
10,2,J2,0,0,1,44,1
10,2,J3,0,0,0,19,0
10,2,J4,0,0,1,37,1
10,2,J5,0,0,1,32,1
10,3,J1,0,0,1,34,1
10,3,J2,0,0,2,25,0
10,3,J3,0,0,1,37,1
10,3,J4,0,0,1,35,1
10,3,J5,0,0,1,31,1
10,4,J1,0,0,2,18,0
10,4,J2,0,0,2,23,0
10,4,J3,0,0,0,25,0
10,4,J4,0,0,2,15,0
10,4,J5,0,0,2,22,0
10,5,J1,0,0,2,18,0
10,5,J2,0,0,1,30,1
10,5,J3,0,0,1,42,1
10,5,J4,0,0,0,25,0
10,5,J5,0,0,1,32,1
10,6,J1,0,0,2,17,0
10,6,J2,0,0,2,21,0
10,6,J3,0,0,1,33,1
10,6,J4,0,0,2,22,0
10,6,J5,0,0,2,21,0
10,7,J1,0,0,2,23,0
10,7,J2,0,0,2,21,0
10,7,J3,0,0,2,15,0
10,7,J4,0,0,1,42,1
10,7,J5,0,0,2,16,0
10,8,J1,1,0,0,72,2
10,8,J2,1,0,2,71,2
10,8,J3,1,0,0,74,2
10,8,J4,1,0,0,73,2
10,8,J5,1,0,2,71,2
10,9,J1,1,0,1,92,2
10,9,J2,1,0,0,52,1
10,9,J3,1,0,0,69,2
10,9,J4,1,0,2,72,2
10,9,J5,1,0,0,64,2
10,10,J1,0,0,1,42,1
10,10,J2,0,0,2,23,0
10,10,J3,0,0,0,20,0
10,10,J4,0,0,0,22,0
10,10,J5,0,0,0,19,0
10,11,J1,0,0,1,27,0
10,11,J2,0,0,2,17,0
10,11,J3,0,0,1,34,1
10,11,J4,0,0,1,36,1
10,11,J5,0,0,1,37,1
10,12,J1,0,0,0,22,0
10,12,J2,0,0,2,22,0
10,12,J3,0,0,1,30,1
10,12,J4,0,0,0,16,0
10,12,J5,0,0,0,20,0
10,13,J1,0,0,2,16,0
10,13,J2,0,0,2,17,0
10,13,J3,0,0,2,18,0
10,13,J4,0,0,2,17,0
10,13,J5,0,0,2,17,0
10,14,J1,0,0,1,39,1
10,14,J2,0,0,1,34,1
10,14,J3,0,0,2,17,0
10,14,J4,0,0,0,25,0
10,14,J5,0,0,2,21,0
10,15,J1,0,0,1,34,1
10,15,J2,0,0,0,22,0
10,15,J3,0,0,2,21,0
10,15,J4,0,0,1,28,0
10,15,J5,0,0,0,19,0
10,16,J1,0,0,2,16,0
10,16,J2,0,0,2,16,0
10,16,J3,0,0,2,17,0
10,16,J4,0,0,1,33,1
10,16,J5,0,0,1,30,1
10,17,J1,1,0,2,79,2
10,17,J2,1,0,2,85,2
10,17,J3,1,0,1,89,2
10,17,J4,1,0,1,79,2
10,17,J5,1,0,1,98,2
10,18,J1,1,0,0,81,2
10,18,J2,1,0,2,74,2
10,18,J3,1,0,2,64,2
10,18,J4,1,0,2,54,1
10,18,J5,1,0,0,56,1
10,19,J1,1,0,0,55,1
10,19,J2,1,0,2,57,1
10,19,J3,1,0,1,79,2
10,19,J4,1,0,2,63,2
10,19,J5,1,0,0,70,2
10,20,J1,0,0,2,25,0
10,20,J2,0,0,0,23,0
10,20,J3,0,0,0,22,0
10,20,J4,0,0,1,29,0
10,20,J5,0,0,1,41,1
10,21,J1,0,0,0,20,0
10,21,J2,0,0,0,22,0
10,21,J3,0,0,0,18,0
10,21,J4,0,0,1,41,1
10,21,J5,0,0,2,22,0
10,22,J1,0,0,1,42,1
10,22,J2,0,0,1,39,1
10,22,J3,0,0,0,16,0
10,22,J4,0,0,2,15,0
10,22,J5,0,0,0,19,0
10,23,J1,0,0,0,19,0
10,23,J2,0,0,0,23,0
10,23,J3,0,0,1,34,1
10,23,J4,0,0,2,22,0
10,23,J5,0,0,2,23,0
11,0,J1,0,0,0,24,0
11,0,J2,0,0,0,19,0
11,0,J3,0,0,2,20,0
11,0,J4,0,0,2,15,0
11,0,J5,0,0,2,22,0
11,1,J1,0,0,2,18,0
11,1,J2,0,0,1,36,1
11,1,J3,0,0,0,19,0
11,1,J4,0,0,0,22,0
11,1,J5,0,0,1,31,1
11,2,J1,0,0,1,29,0
11,2,J2,0,0,0,24,0
11,2,J3,0,0,2,20,0
11,2,J4,0,0,2,24,0
11,2,J5,0,0,2,21,0
11,3,J1,0,0,0,24,0
11,3,J2,0,0,0,18,0
11,3,J3,0,0,0,15,0
11,3,J4,0,0,2,20,0
11,3,J5,0,0,2,19,0
11,4,J1,0,0,2,23,0
11,4,J2,0,0,0,20,0
11,4,J3,0,0,2,19,0
11,4,J4,0,0,1,38,1
11,4,J5,0,0,2,25,0
11,5,J1,0,0,0,17,0
11,5,J2,0,0,1,29,0
11,5,J3,0,0,2,17,0
11,5,J4,0,0,2,17,0
11,5,J5,0,0,0,17,0
11,6,J1,0,0,2,20,0
11,6,J2,0,0,0,25,0
11,6,J3,0,0,1,34,1
11,6,J4,0,0,2,25,0
11,6,J5,0,0,1,41,1
11,7,J1,0,0,1,33,1
11,7,J2,0,0,2,16,0
11,7,J3,0,0,1,37,1
11,7,J4,0,0,2,20,0
11,7,J5,0,0,1,37,1
11,8,J1,1,0,2,46,1
11,8,J2,1,0,2,69,2
11,8,J3,1,0,2,72,2
11,8,J4,1,0,0,78,2
11,8,J5,1,0,1,70,2
11,9,J1,1,0,1,72,2
11,9,J2,1,0,1,83,2
11,9,J3,1,0,2,79,2
11,9,J4,1,0,1,93,2
11,9,J5,1,0,0,58,1
11,10,J1,0,0,1,26,0
11,10,J2,0,0,0,22,0
11,10,J3,0,0,1,31,1
11,10,J4,0,0,0,17,0
11,10,J5,0,0,2,19,0
11,11,J1,0,0,0,19,0
11,11,J2,0,0,0,25,0
11,11,J3,0,0,1,30,1
11,11,J4,0,0,1,45,1
11,11,J5,0,0,0,15,0
11,12,J1,0,0,1,39,1
11,12,J2,0,0,2,18,0
11,12,J3,0,0,1,36,1
11,12,J4,0,0,2,16,0
11,12,J5,0,0,0,18,0
11,13,J1,0,0,1,28,0
11,13,J2,0,0,2,18,0
11,13,J3,0,0,2,25,0
11,13,J4,0,0,1,25,0
11,13,J5,0,0,2,20,0
11,14,J1,0,0,0,21,0
11,14,J2,0,0,2,17,0
11,14,J3,0,0,1,29,0
11,14,J4,0,0,1,27,0
11,14,J5,0,0,0,20,0
11,15,J1,0,0,1,31,1
11,15,J2,0,0,1,37,1
11,15,J3,0,0,2,17,0
11,15,J4,0,0,0,23,0
11,15,J5,0,0,2,15,0
11,16,J1,0,0,2,25,0
11,16,J2,0,0,0,22,0
11,16,J3,0,0,1,38,1
11,16,J4,0,0,2,17,0
11,16,J5,0,0,1,44,1
11,17,J1,1,0,1,86,2
11,17,J2,1,0,0,50,1
11,17,J3,1,0,2,74,2
11,17,J4,1,0,1,96,2
11,17,J5,1,0,0,56,1
11,18,J1,1,0,2,50,1
11,18,J2,1,0,2,73,2
11,18,J3,1,0,2,68,2
11,18,J4,1,0,2,55,1
11,18,J5,1,0,1,78,2
11,19,J1,1,0,2,57,1
11,19,J2,1,0,1,78,2
11,19,J3,1,0,1,71,2
11,19,J4,1,0,1,85,2
11,19,J5,1,0,2,73,2
11,20,J1,0,0,1,32,1
11,20,J2,0,0,1,40,1
11,20,J3,0,0,1,43,1
11,20,J4,0,0,0,22,0
11,20,J5,0,0,0,15,0
11,21,J1,0,0,2,16,0
11,21,J2,0,0,0,19,0
11,21,J3,0,0,0,15,0
11,21,J4,0,0,0,21,0
11,21,J5,0,0,2,19,0
11,22,J1,0,0,2,23,0
11,22,J2,0,0,1,37,1
11,22,J3,0,0,0,25,0
11,22,J4,0,0,2,23,0
11,22,J5,0,0,2,17,0
11,23,J1,0,0,1,30,1
11,23,J2,0,0,0,23,0
11,23,J3,0,0,0,17,0
11,23,J4,0,0,2,20,0
11,23,J5,0,0,1,44,1
12,0,J1,0,1,2,10,0
12,0,J2,0,1,0,12,0
12,0,J3,0,1,2,7,0
12,0,J4,0,1,0,15,0
12,0,J5,0,1,0,12,0
12,1,J1,0,1,2,14,0
12,1,J2,0,1,2,2,0
12,1,J3,0,1,0,12,0
12,1,J4,0,1,2,12,0
12,1,J5,0,1,1,25,0
12,2,J1,0,1,2,8,0
12,2,J2,0,1,1,19,0
12,2,J3,0,1,0,11,0
12,2,J4,0,1,1,31,1
12,2,J5,0,1,2,11,0
12,3,J1,0,1,0,10,0
12,3,J2,0,1,2,5,0
12,3,J3,0,1,1,32,1
12,3,J4,0,1,0,7,0
12,3,J5,0,1,2,1,0
12,4,J1,0,1,0,2,0
12,4,J2,0,1,0,13,0
12,4,J3,0,1,0,8,0
12,4,J4,0,1,1,20,0
12,4,J5,0,1,2,6,0
12,5,J1,0,1,0,8,0
12,5,J2,0,1,1,22,0
12,5,J3,0,1,2,6,0
12,5,J4,0,1,2,0,0
12,5,J5,0,1,0,15,0
12,6,J1,0,1,0,5,0
12,6,J2,0,1,1,25,0
12,6,J3,0,1,0,9,0
12,6,J4,0,1,0,8,0
12,6,J5,0,1,1,34,1
12,7,J1,0,1,0,8,0
12,7,J2,0,1,2,6,0
12,7,J3,0,1,2,5,0
12,7,J4,0,1,0,16,0
12,7,J5,0,1,0,15,0
12,8,J1,1,1,1,65,2
12,8,J2,1,1,2,49,1
12,8,J3,1,1,0,59,1
12,8,J4,1,1,1,82,2
12,8,J5,1,1,0,46,1
12,9,J1,1,1,1,71,2
12,9,J2,1,1,2,37,1
12,9,J3,1,1,2,61,2
12,9,J4,1,1,2,64,2
12,9,J5,1,1,2,71,2
12,10,J1,0,1,1,25,0
12,10,J2,0,1,2,10,0
12,10,J3,0,1,1,22,0
12,10,J4,0,1,0,17,0
12,10,J5,0,1,0,9,0
12,11,J1,0,1,0,10,0
12,11,J2,0,1,1,33,1
12,11,J3,0,1,1,20,0
12,11,J4,0,1,1,24,0
12,11,J5,0,1,0,4,0
12,12,J1,0,1,2,1,0
12,12,J2,0,1,0,7,0
12,12,J3,0,1,0,12,0
12,12,J4,0,1,1,38,1
12,12,J5,0,1,1,22,0
12,13,J1,0,1,1,27,0
12,13,J2,0,1,0,16,0
12,13,J3,0,1,0,9,0
12,13,J4,0,1,0,13,0
12,13,J5,0,1,0,13,0
12,14,J1,0,1,1,30,1
12,14,J2,0,1,0,10,0
12,14,J3,0,1,1,22,0
12,14,J4,0,1,0,7,0
12,14,J5,0,1,0,14,0
12,15,J1,0,1,0,17,0
12,15,J2,0,1,0,17,0
12,15,J3,0,1,1,19,0
12,15,J4,0,1,1,26,0
12,15,J5,0,1,1,25,0
12,16,J1,0,1,1,25,0
12,16,J2,0,1,2,10,0
12,16,J3,0,1,0,4,0
12,16,J4,0,1,1,25,0
12,16,J5,0,1,0,13,0
12,17,J1,1,1,1,67,2
12,17,J2,1,1,2,45,1
12,17,J3,1,1,0,54,1
12,17,J4,1,1,2,63,2
12,17,J5,1,1,2,57,1
12,18,J1,1,1,1,59,1
12,18,J2,1,1,0,36,1
12,18,J3,1,1,1,65,2
12,18,J4,1,1,0,50,1
12,18,J5,1,1,0,40,1
12,19,J1,1,1,0,57,1
12,19,J2,1,1,0,51,1
12,19,J3,1,1,1,71,2
12,19,J4,1,1,2,66,2
12,19,J5,1,1,2,38,1
12,20,J1,0,1,1,26,0
12,20,J2,0,1,1,19,0
12,20,J3,0,1,0,4,0
12,20,J4,0,1,0,9,0
12,20,J5,0,1,0,14,0
12,21,J1,0,1,0,13,0
12,21,J2,0,1,2,13,0
12,21,J3,0,1,0,12,0
12,21,J4,0,1,2,9,0
12,21,J5,0,1,2,6,0
12,22,J1,0,1,1,33,1
12,22,J2,0,1,0,9,0
12,22,J3,0,1,1,26,0
12,22,J4,0,1,2,13,0
12,22,J5,0,1,1,23,0
12,23,J1,0,1,1,22,0
12,23,J2,0,1,0,8,0
12,23,J3,0,1,2,8,0
12,23,J4,0,1,0,19,0
12,23,J5,0,1,1,31,1
13,0,J1,0,1,2,14,0
13,0,J2,0,1,0,9,0
13,0,J3,0,1,0,5,0
13,0,J4,0,1,1,23,0
13,0,J5,0,1,1,13,0
13,1,J1,0,1,2,10,0
13,1,J2,0,1,2,12,0
13,1,J3,0,1,0,9,0
13,1,J4,0,1,0,14,0
13,1,J5,0,1,1,21,0
13,2,J1,0,1,1,23,0
13,2,J2,0,1,1,26,0
13,2,J3,0,1,2,5,0
13,2,J4,0,1,1,29,0
13,2,J5,0,1,0,15,0
13,3,J1,0,1,0,14,0
13,3,J2,0,1,0,9,0
13,3,J3,0,1,0,14,0
13,3,J4,0,1,0,6,0
13,3,J5,0,1,2,17,0
13,4,J1,0,1,0,14,0
13,4,J2,0,1,2,3,0
13,4,J3,0,1,1,37,1
13,4,J4,0,1,1,23,0
13,4,J5,0,1,1,26,0
13,5,J1,0,1,2,10,0
13,5,J2,0,1,1,30,1
13,5,J3,0,1,0,9,0
13,5,J4,0,1,1,28,0
13,5,J5,0,1,0,15,0
13,6,J1,0,1,0,5,0
13,6,J2,0,1,1,29,0
13,6,J3,0,1,1,22,0
13,6,J4,0,1,0,18,0
13,6,J5,0,1,1,15,0
13,7,J1,0,1,1,26,0
13,7,J2,0,1,2,7,0
13,7,J3,0,1,2,8,0
13,7,J4,0,1,0,11,0
13,7,J5,0,1,1,15,0
13,8,J1,1,1,1,70,2
13,8,J2,1,1,1,76,2
13,8,J3,1,1,0,37,1
13,8,J4,1,1,2,47,1
13,8,J5,1,1,2,43,1
13,9,J1,1,1,1,85,2
13,9,J2,1,1,2,72,2
13,9,J3,1,1,1,66,2
13,9,J4,1,1,2,69,2
13,9,J5,1,1,2,58,1
13,10,J1,0,1,1,23,0
13,10,J2,0,1,0,8,0
13,10,J3,0,1,1,17,0
13,10,J4,0,1,0,2,0
13,10,J5,0,1,2,11,0
13,11,J1,0,1,2,10,0
13,11,J2,0,1,1,30,1
13,11,J3,0,1,1,23,0
13,11,J4,0,1,0,10,0
13,11,J5,0,1,2,5,0
13,12,J1,0,1,1,29,0
13,12,J2,0,1,2,2,0
13,12,J3,0,1,0,2,0
13,12,J4,0,1,1,29,0
13,12,J5,0,1,1,23,0
13,13,J1,0,1,2,8,0
13,13,J2,0,1,0,12,0
13,13,J3,0,1,1,22,0
13,13,J4,0,1,2,4,0
13,13,J5,0,1,1,22,0
13,14,J1,0,1,2,7,0
13,14,J2,0,1,1,19,0
13,14,J3,0,1,1,27,0
13,14,J4,0,1,0,9,0
13,14,J5,0,1,1,26,0
13,15,J1,0,1,2,13,0
13,15,J2,0,1,2,12,0
13,15,J3,0,1,1,24,0
13,15,J4,0,1,2,5,0
13,15,J5,0,1,2,9,0
13,16,J1,0,1,1,24,0
13,16,J2,0,1,2,1,0
13,16,J3,0,1,0,10,0
13,16,J4,0,1,0,7,0
13,16,J5,0,1,1,18,0
13,17,J1,1,1,1,66,2
13,17,J2,1,1,2,78,2
13,17,J3,1,1,0,49,1
13,17,J4,1,1,2,59,1
13,17,J5,1,1,2,57,1
13,18,J1,1,1,0,63,2
13,18,J2,1,1,1,58,1
13,18,J3,1,1,2,64,2
13,18,J4,1,1,2,40,1
13,18,J5,1,1,1,68,2
13,19,J1,1,1,2,35,1
13,19,J2,1,1,2,36,1
13,19,J3,1,1,0,43,1
13,19,J4,1,1,2,64,2
13,19,J5,1,1,1,86,2
13,20,J1,0,1,1,20,0
13,20,J2,0,1,2,11,0
13,20,J3,0,1,1,28,0
13,20,J4,0,1,2,5,0
13,20,J5,0,1,2,9,0
13,21,J1,0,1,2,10,0
13,21,J2,0,1,2,16,0
13,21,J3,0,1,0,9,0
13,21,J4,0,1,2,9,0
13,21,J5,0,1,1,24,0
13,22,J1,0,1,0,16,0
13,22,J2,0,1,0,19,0
13,22,J3,0,1,1,35,1
13,22,J4,0,1,0,20,0
13,22,J5,0,1,1,26,0
13,23,J1,0,1,1,35,1
13,23,J2,0,1,2,4,0
13,23,J3,0,1,1,21,0
13,23,J4,0,1,2,13,0
13,23,J5,0,1,1,26,0
14,0,J1,0,0,2,23,0
14,0,J2,0,0,0,19,0
14,0,J3,0,0,0,22,0
14,0,J4,0,0,0,19,0
14,0,J5,0,0,2,23,0
14,1,J1,0,0,0,25,0
14,1,J2,0,0,1,36,1
14,1,J3,0,0,0,20,0
14,1,J4,0,0,0,19,0
14,1,J5,0,0,1,35,1
14,2,J1,0,0,1,38,1
14,2,J2,0,0,1,33,1
14,2,J3,0,0,0,25,0
14,2,J4,0,0,2,24,0
14,2,J5,0,0,2,16,0
14,3,J1,0,0,1,36,1
14,3,J2,0,0,0,25,0
14,3,J3,0,0,1,37,1
14,3,J4,0,0,1,27,0
14,3,J5,0,0,0,18,0
14,4,J1,0,0,1,40,1
14,4,J2,0,0,1,32,1
14,4,J3,0,0,2,17,0
14,4,J4,0,0,0,22,0
14,4,J5,0,0,1,37,1
14,5,J1,0,0,1,35,1
14,5,J2,0,0,0,22,0
14,5,J3,0,0,1,30,1
14,5,J4,0,0,2,17,0
14,5,J5,0,0,1,28,0
14,6,J1,0,0,2,21,0
14,6,J2,0,0,2,21,0
14,6,J3,0,0,1,38,1
14,6,J4,0,0,1,25,0
14,6,J5,0,0,2,18,0
14,7,J1,0,0,2,20,0
14,7,J2,0,0,0,20,0
14,7,J3,0,0,2,18,0
14,7,J4,0,0,0,25,0
14,7,J5,0,0,0,25,0
14,8,J1,1,0,2,55,1
14,8,J2,1,0,2,78,2
14,8,J3,1,0,1,66,2
14,8,J4,1,0,2,67,2
14,8,J5,1,0,0,47,1
14,9,J1,1,0,1,96,2
14,9,J2,1,0,2,70,2
14,9,J3,1,0,2,61,2
14,9,J4,1,0,2,54,1
14,9,J5,1,0,1,71,2
14,10,J1,0,0,1,28,0
14,10,J2,0,0,0,17,0
14,10,J3,0,0,0,15,0
14,10,J4,0,0,2,23,0
14,10,J5,0,0,0,16,0
14,11,J1,0,0,1,35,1
14,11,J2,0,0,1,39,1
14,11,J3,0,0,2,24,0
14,11,J4,0,0,0,24,0
14,11,J5,0,0,0,25,0
14,12,J1,0,0,0,25,0
14,12,J2,0,0,0,15,0
14,12,J3,0,0,2,16,0
14,12,J4,0,0,1,38,1
14,12,J5,0,0,0,23,0
14,13,J1,0,0,1,34,1
14,13,J2,0,0,0,25,0
14,13,J3,0,0,2,15,0
14,13,J4,0,0,1,41,1
14,13,J5,0,0,0,25,0
14,14,J1,0,0,2,19,0
14,14,J2,0,0,2,24,0
14,14,J3,0,0,2,17,0
14,14,J4,0,0,1,34,1
14,14,J5,0,0,2,24,0
14,15,J1,0,0,0,19,0
14,15,J2,0,0,0,16,0
14,15,J3,0,0,1,37,1
14,15,J4,0,0,0,19,0
14,15,J5,0,0,2,18,0
14,16,J1,0,0,1,35,1
14,16,J2,0,0,0,15,0
14,16,J3,0,0,2,22,0
14,16,J4,0,0,0,22,0
14,16,J5,0,0,1,28,0
14,17,J1,1,0,0,67,2
14,17,J2,1,0,0,80,2
14,17,J3,1,0,2,62,2
14,17,J4,1,0,0,77,2
14,17,J5,1,0,0,69,2
14,18,J1,1,0,1,85,2
14,18,J2,1,0,1,70,2
14,18,J3,1,0,0,73,2
14,18,J4,1,0,0,76,2
14,18,J5,1,0,1,95,2
14,19,J1,1,0,1,80,2
14,19,J2,1,0,0,47,1
14,19,J3,1,0,2,67,2
14,19,J4,1,0,1,82,2
14,19,J5,1,0,1,89,2
14,20,J1,0,0,1,28,0
14,20,J2,0,0,1,38,1
14,20,J3,0,0,1,38,1
14,20,J4,0,0,1,37,1
14,20,J5,0,0,0,17,0
14,21,J1,0,0,2,15,0
14,21,J2,0,0,0,16,0
14,21,J3,0,0,1,41,1
14,21,J4,0,0,2,25,0
14,21,J5,0,0,1,36,1
14,22,J1,0,0,1,39,1
14,22,J2,0,0,0,25,0
14,22,J3,0,0,2,17,0
14,22,J4,0,0,1,33,1
14,22,J5,0,0,1,32,1
14,23,J1,0,0,0,19,0
14,23,J2,0,0,2,20,0
14,23,J3,0,0,0,25,0
14,23,J4,0,0,2,24,0
14,23,J5,0,0,2,24,0
15,0,J1,0,0,0,25,0
15,0,J2,0,0,1,41,1
15,0,J3,0,0,2,24,0
15,0,J4,0,0,0,21,0
15,0,J5,0,0,2,18,0
15,1,J1,0,0,1,40,1
15,1,J2,0,0,2,25,0
15,1,J3,0,0,1,35,1
15,1,J4,0,0,2,15,0
15,1,J5,0,0,0,25,0
15,2,J1,0,0,0,23,0
15,2,J2,0,0,1,34,1
15,2,J3,0,0,0,22,0
15,2,J4,0,0,1,33,1
15,2,J5,0,0,1,33,1
15,3,J1,0,0,0,23,0
15,3,J2,0,0,2,21,0
15,3,J3,0,0,1,29,0
15,3,J4,0,0,1,41,1
15,3,J5,0,0,1,33,1
15,4,J1,0,0,1,31,1
15,4,J2,0,0,1,35,1
15,4,J3,0,0,0,21,0
15,4,J4,0,0,1,33,1
15,4,J5,0,0,2,15,0
15,5,J1,0,0,0,24,0
15,5,J2,0,0,2,25,0
15,5,J3,0,0,1,41,1
15,5,J4,0,0,0,25,0
15,5,J5,0,0,2,22,0
15,6,J1,0,0,1,30,1
15,6,J2,0,0,0,22,0
15,6,J3,0,0,1,42,1
15,6,J4,0,0,2,22,0
15,6,J5,0,0,2,25,0
15,7,J1,0,0,1,33,1
15,7,J2,0,0,0,25,0
15,7,J3,0,0,0,15,0
15,7,J4,0,0,1,40,1
15,7,J5,0,0,1,41,1
15,8,J1,1,0,1,78,2
15,8,J2,1,0,0,62,2
15,8,J3,1,0,2,74,2
15,8,J4,1,0,0,62,2
15,8,J5,1,0,0,52,1
15,9,J1,1,0,1,71,2
15,9,J2,1,0,2,56,1
15,9,J3,1,0,1,76,2
15,9,J4,1,0,2,55,1
15,9,J5,1,0,1,93,2
15,10,J1,0,0,0,22,0
15,10,J2,0,0,0,23,0
15,10,J3,0,0,2,15,0
15,10,J4,0,0,2,21,0
15,10,J5,0,0,2,22,0
15,11,J1,0,0,2,17,0
15,11,J2,0,0,2,24,0
15,11,J3,0,0,0,17,0
15,11,J4,0,0,0,21,0
15,11,J5,0,0,2,24,0
15,12,J1,0,0,2,20,0
15,12,J2,0,0,2,21,0
15,12,J3,0,0,1,37,1
15,12,J4,0,0,1,36,1
15,12,J5,0,0,1,34,1
15,13,J1,0,0,0,21,0
15,13,J2,0,0,2,23,0
15,13,J3,0,0,1,38,1
15,13,J4,0,0,2,23,0
15,13,J5,0,0,2,18,0
15,14,J1,0,0,0,18,0
15,14,J2,0,0,2,19,0
15,14,J3,0,0,2,20,0
15,14,J4,0,0,2,17,0
15,14,J5,0,0,2,25,0
15,15,J1,0,0,0,23,0
15,15,J2,0,0,2,25,0
15,15,J3,0,0,1,31,1
15,15,J4,0,0,2,22,0
15,15,J5,0,0,2,24,0
15,16,J1,0,0,2,21,0
15,16,J2,0,0,2,23,0
15,16,J3,0,0,1,31,1
15,16,J4,0,0,2,16,0
15,16,J5,0,0,0,21,0
15,17,J1,1,0,0,56,1
15,17,J2,1,0,0,55,1
15,17,J3,1,0,0,64,2
15,17,J4,1,0,1,63,2
15,17,J5,1,0,0,77,2
15,18,J1,1,0,0,63,2
15,18,J2,1,0,0,74,2
15,18,J3,1,0,2,65,2
15,18,J4,1,0,2,73,2
15,18,J5,1,0,1,74,2
15,19,J1,1,0,2,66,2
15,19,J2,1,0,1,83,2
15,19,J3,1,0,1,93,2
15,19,J4,1,0,0,72,2
15,19,J5,1,0,0,71,2
15,20,J1,0,0,0,25,0
15,20,J2,0,0,2,25,0
15,20,J3,0,0,1,42,1
15,20,J4,0,0,2,24,0
15,20,J5,0,0,0,18,0
15,21,J1,0,0,1,34,1
15,21,J2,0,0,2,16,0
15,21,J3,0,0,0,17,0
15,21,J4,0,0,2,23,0
15,21,J5,0,0,0,21,0
15,22,J1,0,0,0,21,0
15,22,J2,0,0,1,37,1
15,22,J3,0,0,0,17,0
15,22,J4,0,0,2,19,0
15,22,J5,0,0,0,20,0
15,23,J1,0,0,1,27,0
15,23,J2,0,0,0,20,0
15,23,J3,0,0,2,15,0
15,23,J4,0,0,2,24,0
15,23,J5,0,0,2,19,0
16,0,J1,0,0,1,42,1
16,0,J2,0,0,1,31,1
16,0,J3,0,0,2,18,0
16,0,J4,0,0,0,23,0
16,0,J5,0,0,0,23,0
16,1,J1,0,0,0,21,0
16,1,J2,0,0,2,23,0
16,1,J3,0,0,1,31,1
16,1,J4,0,0,0,18,0
16,1,J5,0,0,2,20,0
16,2,J1,0,0,1,34,1
16,2,J2,0,0,0,24,0
16,2,J3,0,0,2,22,0
16,2,J4,0,0,2,25,0
16,2,J5,0,0,0,16,0
16,3,J1,0,0,2,20,0
16,3,J2,0,0,1,38,1
16,3,J3,0,0,2,24,0
16,3,J4,0,0,0,15,0
16,3,J5,0,0,2,20,0
16,4,J1,0,0,1,32,1
16,4,J2,0,0,1,37,1
16,4,J3,0,0,0,23,0
16,4,J4,0,0,1,41,1
16,4,J5,0,0,1,32,1
16,5,J1,0,0,1,38,1
16,5,J2,0,0,1,34,1
16,5,J3,0,0,0,17,0
16,5,J4,0,0,2,23,0
16,5,J5,0,0,0,25,0
16,6,J1,0,0,0,18,0
16,6,J2,0,0,2,25,0
16,6,J3,0,0,0,25,0
16,6,J4,0,0,1,29,0
16,6,J5,0,0,2,21,0
16,7,J1,0,0,2,16,0
16,7,J2,0,0,2,25,0
16,7,J3,0,0,0,15,0
16,7,J4,0,0,1,30,1
16,7,J5,0,0,0,16,0
16,8,J1,1,0,0,54,1
16,8,J2,1,0,2,56,1
16,8,J3,1,0,0,78,2
16,8,J4,1,0,1,84,2
16,8,J5,1,0,1,73,2
16,9,J1,1,0,1,85,2
16,9,J2,1,0,0,74,2
16,9,J3,1,0,0,78,2
16,9,J4,1,0,0,68,2
16,9,J5,1,0,1,93,2
16,10,J1,0,0,1,39,1
16,10,J2,0,0,2,16,0
16,10,J3,0,0,1,38,1
16,10,J4,0,0,1,35,1
16,10,J5,0,0,1,35,1
16,11,J1,0,0,0,17,0
16,11,J2,0,0,2,21,0
16,11,J3,0,0,2,19,0
16,11,J4,0,0,2,17,0
16,11,J5,0,0,1,45,1
16,12,J1,0,0,1,33,1
16,12,J2,0,0,2,17,0
16,12,J3,0,0,0,15,0
16,12,J4,0,0,0,24,0
16,12,J5,0,0,2,21,0
16,13,J1,0,0,2,23,0
16,13,J2,0,0,0,19,0
16,13,J3,0,0,0,20,0
16,13,J4,0,0,0,21,0
16,13,J5,0,0,2,23,0
16,14,J1,0,0,0,17,0
16,14,J2,0,0,0,18,0
16,14,J3,0,0,2,19,0
16,14,J4,0,0,0,16,0
16,14,J5,0,0,0,25,0
16,15,J1,0,0,2,15,0
16,15,J2,0,0,2,22,0
16,15,J3,0,0,2,23,0
16,15,J4,0,0,0,19,0
16,15,J5,0,0,2,16,0
16,16,J1,0,0,1,29,0
16,16,J2,0,0,2,24,0
16,16,J3,0,0,1,35,1
16,16,J4,0,0,0,25,0
16,16,J5,0,0,2,18,0
16,17,J1,1,0,0,63,2
16,17,J2,1,0,0,76,2
16,17,J3,1,0,1,82,2
16,17,J4,1,0,2,70,2
16,17,J5,1,0,2,65,2
16,18,J1,1,0,2,68,2
16,18,J2,1,0,1,93,2
16,18,J3,1,0,0,58,1
16,18,J4,1,0,0,77,2
16,18,J5,1,0,1,70,2
16,19,J1,1,0,2,73,2
16,19,J2,1,0,1,81,2
16,19,J3,1,0,1,79,2
16,19,J4,1,0,0,74,2
16,19,J5,1,0,0,75,2
16,20,J1,0,0,0,23,0
16,20,J2,0,0,0,19,0
16,20,J3,0,0,2,25,0
16,20,J4,0,0,0,16,0
16,20,J5,0,0,0,23,0
16,21,J1,0,0,2,15,0
16,21,J2,0,0,2,24,0
16,21,J3,0,0,1,37,1
16,21,J4,0,0,0,23,0
16,21,J5,0,0,1,41,1
16,22,J1,0,0,1,37,1
16,22,J2,0,0,1,34,1
16,22,J3,0,0,2,19,0
16,22,J4,0,0,0,22,0
16,22,J5,0,0,2,23,0
16,23,J1,0,0,0,21,0
16,23,J2,0,0,1,33,1
16,23,J3,0,0,2,18,0
16,23,J4,0,0,2,25,0
16,23,J5,0,0,0,23,0
17,0,J1,0,0,0,22,0
17,0,J2,0,0,0,17,0
17,0,J3,0,0,2,24,0
17,0,J4,0,0,2,17,0
17,0,J5,0,0,2,22,0
17,1,J1,0,0,1,28,0
17,1,J2,0,0,1,29,0
17,1,J3,0,0,1,33,1
17,1,J4,0,0,0,25,0
17,1,J5,0,0,0,23,0
17,2,J1,0,0,1,38,1
17,2,J2,0,0,1,25,0
17,2,J3,0,0,2,20,0
17,2,J4,0,0,0,23,0
17,2,J5,0,0,2,19,0
17,3,J1,0,0,2,19,0
17,3,J2,0,0,2,23,0
17,3,J3,0,0,2,17,0
17,3,J4,0,0,1,41,1
17,3,J5,0,0,1,44,1
17,4,J1,0,0,0,23,0
17,4,J2,0,0,1,34,1
17,4,J3,0,0,2,21,0
17,4,J4,0,0,1,37,1
17,4,J5,0,0,1,34,1
17,5,J1,0,0,2,17,0
17,5,J2,0,0,1,30,1
17,5,J3,0,0,0,23,0
17,5,J4,0,0,2,19,0
17,5,J5,0,0,0,17,0
17,6,J1,0,0,0,17,0
17,6,J2,0,0,1,35,1
17,6,J3,0,0,2,18,0
17,6,J4,0,0,1,31,1
17,6,J5,0,0,1,42,1
17,7,J1,0,0,1,37,1
17,7,J2,0,0,0,25,0
17,7,J3,0,0,1,28,0
17,7,J4,0,0,0,17,0
17,7,J5,0,0,2,24,0
17,8,J1,1,0,0,59,1
17,8,J2,1,0,2,55,1
17,8,J3,1,0,0,48,1
17,8,J4,1,0,1,94,2
17,8,J5,1,0,1,93,2
17,9,J1,1,0,0,83,2
17,9,J2,1,0,1,89,2
17,9,J3,1,0,1,88,2
17,9,J4,1,0,0,58,1
17,9,J5,1,0,2,58,1
17,10,J1,0,0,0,24,0
17,10,J2,0,0,2,23,0
17,10,J3,0,0,1,37,1
17,10,J4,0,0,1,41,1
17,10,J5,0,0,2,16,0
17,11,J1,0,0,0,21,0
17,11,J2,0,0,1,28,0
17,11,J3,0,0,0,18,0
17,11,J4,0,0,2,23,0
17,11,J5,0,0,2,21,0
17,12,J1,0,0,0,24,0
17,12,J2,0,0,0,17,0
17,12,J3,0,0,1,43,1
17,12,J4,0,0,0,23,0
17,12,J5,0,0,2,16,0
17,13,J1,0,0,0,22,0
17,13,J2,0,0,2,17,0
17,13,J3,0,0,2,23,0
17,13,J4,0,0,0,25,0
17,13,J5,0,0,2,21,0
17,14,J1,0,0,2,21,0
17,14,J2,0,0,1,33,1
17,14,J3,0,0,1,35,1
17,14,J4,0,0,1,39,1
17,14,J5,0,0,2,24,0
17,15,J1,0,0,0,21,0
17,15,J2,0,0,0,19,0
17,15,J3,0,0,1,29,0
17,15,J4,0,0,1,42,1
17,15,J5,0,0,1,32,1
17,16,J1,0,0,0,15,0
17,16,J2,0,0,2,23,0
17,16,J3,0,0,0,23,0
17,16,J4,0,0,0,21,0
17,16,J5,0,0,2,18,0
17,17,J1,1,0,2,75,2
17,17,J2,1,0,1,69,2
17,17,J3,1,0,1,88,2
17,17,J4,1,0,1,96,2
17,17,J5,1,0,2,65,2
17,18,J1,1,0,1,85,2
17,18,J2,1,0,1,87,2
17,18,J3,1,0,0,64,2
17,18,J4,1,0,2,64,2
17,18,J5,1,0,1,84,2
17,19,J1,1,0,2,59,1
17,19,J2,1,0,0,71,2
17,19,J3,1,0,1,83,2
17,19,J4,1,0,0,67,2
17,19,J5,1,0,1,97,2
17,20,J1,0,0,2,25,0
17,20,J2,0,0,2,15,0
17,20,J3,0,0,0,21,0
17,20,J4,0,0,2,15,0
17,20,J5,0,0,0,17,0
17,21,J1,0,0,1,40,1
17,21,J2,0,0,0,16,0
17,21,J3,0,0,1,33,1
17,21,J4,0,0,0,24,0
17,21,J5,0,0,0,21,0
17,22,J1,0,0,1,44,1
17,22,J2,0,0,2,19,0
17,22,J3,0,0,2,24,0
17,22,J4,0,0,0,17,0
17,22,J5,0,0,2,22,0
17,23,J1,0,0,1,28,0
17,23,J2,0,0,2,23,0
17,23,J3,0,0,1,28,0
17,23,J4,0,0,2,23,0
17,23,J5,0,0,2,18,0
18,0,J1,0,0,2,17,0
18,0,J2,0,0,2,15,0
18,0,J3,0,0,1,38,1
18,0,J4,0,0,0,17,0
18,0,J5,0,0,0,19,0
18,1,J1,0,0,1,40,1
18,1,J2,0,0,1,40,1
18,1,J3,0,0,0,23,0
18,1,J4,0,0,0,16,0
18,1,J5,0,0,0,23,0
18,2,J1,0,0,1,42,1
18,2,J2,0,0,1,34,1
18,2,J3,0,0,0,24,0
18,2,J4,0,0,0,22,0
18,2,J5,0,0,1,34,1
18,3,J1,0,0,1,33,1
18,3,J2,0,0,2,16,0
18,3,J3,0,0,2,16,0
18,3,J4,0,0,2,19,0
18,3,J5,0,0,1,34,1
18,4,J1,0,0,1,42,1
18,4,J2,0,0,1,38,1
18,4,J3,0,0,2,22,0
18,4,J4,0,0,0,20,0
18,4,J5,0,0,1,42,1
18,5,J1,0,0,2,15,0
18,5,J2,0,0,1,30,1
18,5,J3,0,0,0,21,0
18,5,J4,0,0,2,18,0
18,5,J5,0,0,2,18,0
18,6,J1,0,0,1,36,1
18,6,J2,0,0,2,23,0
18,6,J3,0,0,0,19,0
18,6,J4,0,0,0,19,0
18,6,J5,0,0,0,21,0
18,7,J1,0,0,2,20,0
18,7,J2,0,0,0,23,0
18,7,J3,0,0,0,22,0
18,7,J4,0,0,1,33,1
18,7,J5,0,0,2,19,0
18,8,J1,1,0,0,85,2
18,8,J2,1,0,0,63,2
18,8,J3,1,0,0,71,2
18,8,J4,1,0,1,67,2
18,8,J5,1,0,0,80,2
18,9,J1,1,0,1,61,2
18,9,J2,1,0,0,76,2
18,9,J3,1,0,1,82,2
18,9,J4,1,0,0,79,2
18,9,J5,1,0,1,86,2
18,10,J1,0,0,2,19,0
18,10,J2,0,0,1,35,1
18,10,J3,0,0,1,34,1
18,10,J4,0,0,2,17,0
18,10,J5,0,0,0,23,0
18,11,J1,0,0,1,40,1
18,11,J2,0,0,0,23,0
18,11,J3,0,0,1,41,1
18,11,J4,0,0,0,22,0
18,11,J5,0,0,0,23,0
18,12,J1,0,0,1,30,1
18,12,J2,0,0,0,25,0
18,12,J3,0,0,0,21,0
18,12,J4,0,0,2,16,0
18,12,J5,0,0,1,39,1
18,13,J1,0,0,1,35,1
18,13,J2,0,0,1,32,1
18,13,J3,0,0,1,39,1
18,13,J4,0,0,1,34,1
18,13,J5,0,0,1,34,1
18,14,J1,0,0,2,20,0
18,14,J2,0,0,1,35,1
18,14,J3,0,0,1,36,1
18,14,J4,0,0,0,24,0
18,14,J5,0,0,2,18,0
18,15,J1,0,0,0,19,0
18,15,J2,0,0,0,23,0
18,15,J3,0,0,1,34,1
18,15,J4,0,0,0,17,0
18,15,J5,0,0,1,27,0
18,16,J1,0,0,1,34,1
18,16,J2,0,0,2,23,0
18,16,J3,0,0,2,20,0
18,16,J4,0,0,1,33,1
18,16,J5,0,0,2,24,0
18,17,J1,1,0,0,58,1
18,17,J2,1,0,2,50,1
18,17,J3,1,0,0,75,2
18,17,J4,1,0,1,92,2
18,17,J5,1,0,1,87,2
18,18,J1,1,0,1,82,2
18,18,J2,1,0,1,72,2
18,18,J3,1,0,0,66,2
18,18,J4,1,0,2,60,2
18,18,J5,1,0,2,75,2
18,19,J1,1,0,2,54,1
18,19,J2,1,0,1,83,2
18,19,J3,1,0,1,87,2
18,19,J4,1,0,1,85,2
18,19,J5,1,0,2,77,2
18,20,J1,0,0,0,25,0
18,20,J2,0,0,1,41,1
18,20,J3,0,0,2,24,0
18,20,J4,0,0,1,27,0
18,20,J5,0,0,0,20,0
18,21,J1,0,0,0,20,0
18,21,J2,0,0,1,39,1
18,21,J3,0,0,2,19,0
18,21,J4,0,0,2,25,0
18,21,J5,0,0,1,36,1
18,22,J1,0,0,1,42,1
18,22,J2,0,0,1,33,1
18,22,J3,0,0,0,15,0
18,22,J4,0,0,0,18,0
18,22,J5,0,0,2,19,0
18,23,J1,0,0,2,16,0
18,23,J2,0,0,0,17,0
18,23,J3,0,0,1,27,0
18,23,J4,0,0,0,22,0
18,23,J5,0,0,2,15,0
19,0,J1,0,1,0,12,0
19,0,J2,0,1,0,13,0
19,0,J3,0,1,2,9,0
19,0,J4,0,1,2,8,0
19,0,J5,0,1,0,11,0
19,1,J1,0,1,1,30,1
19,1,J2,0,1,2,8,0
19,1,J3,0,1,0,5,0
19,1,J4,0,1,1,28,0
19,1,J5,0,1,1,23,0
19,2,J1,0,1,2,4,0
19,2,J2,0,1,2,8,0
19,2,J3,0,1,2,9,0
19,2,J4,0,1,1,28,0
19,2,J5,0,1,2,11,0
19,3,J1,0,1,1,26,0
19,3,J2,0,1,1,25,0
19,3,J3,0,1,1,18,0
19,3,J4,0,1,0,4,0
19,3,J5,0,1,1,25,0
19,4,J1,0,1,0,10,0
19,4,J2,0,1,1,18,0
19,4,J3,0,1,2,7,0
19,4,J4,0,1,2,8,0
19,4,J5,0,1,1,28,0
19,5,J1,0,1,0,18,0
19,5,J2,0,1,1,27,0
19,5,J3,0,1,0,14,0
19,5,J4,0,1,0,11,0
19,5,J5,0,1,2,4,0
19,6,J1,0,1,1,26,0
19,6,J2,0,1,1,24,0
19,6,J3,0,1,0,7,0
19,6,J4,0,1,2,12,0
19,6,J5,0,1,1,22,0
19,7,J1,0,1,0,5,0
19,7,J2,0,1,0,18,0
19,7,J3,0,1,0,9,0
19,7,J4,0,1,1,29,0
19,7,J5,0,1,2,13,0
19,8,J1,1,1,0,51,1
19,8,J2,1,1,0,48,1
19,8,J3,1,1,1,73,2
19,8,J4,1,1,0,64,2
19,8,J5,1,1,1,87,2
19,9,J1,1,1,1,60,2
19,9,J2,1,1,0,46,1
19,9,J3,1,1,1,61,2
19,9,J4,1,1,2,71,2
19,9,J5,1,1,2,45,1
19,10,J1,0,1,2,11,0
19,10,J2,0,1,0,0,0
19,10,J3,0,1,2,10,0
19,10,J4,0,1,0,13,0
19,10,J5,0,1,2,9,0
19,11,J1,0,1,1,13,0
19,11,J2,0,1,0,17,0
19,11,J3,0,1,1,27,0
19,11,J4,0,1,1,34,1
19,11,J5,0,1,0,10,0
19,12,J1,0,1,2,12,0
19,12,J2,0,1,0,6,0
19,12,J3,0,1,0,15,0
19,12,J4,0,1,0,9,0
19,12,J5,0,1,1,30,1
19,13,J1,0,1,1,36,1
19,13,J2,0,1,0,15,0
19,13,J3,0,1,0,13,0
19,13,J4,0,1,2,12,0
19,13,J5,0,1,2,7,0
19,14,J1,0,1,2,9,0
19,14,J2,0,1,2,12,0
19,14,J3,0,1,0,10,0
19,14,J4,0,1,2,14,0
19,14,J5,0,1,2,6,0
19,15,J1,0,1,2,16,0
19,15,J2,0,1,1,22,0
19,15,J3,0,1,2,4,0
19,15,J4,0,1,0,4,0
19,15,J5,0,1,1,28,0
19,16,J1,0,1,1,37,1
19,16,J2,0,1,2,6,0
19,16,J3,0,1,0,6,0
19,16,J4,0,1,2,12,0
19,16,J5,0,1,2,19,0
19,17,J1,1,1,2,63,2
19,17,J2,1,1,2,62,2
19,17,J3,1,1,0,60,2
19,17,J4,1,1,1,75,2
19,17,J5,1,1,2,60,2
19,18,J1,1,1,0,48,1
19,18,J2,1,1,0,53,1
19,18,J3,1,1,0,54,1
19,18,J4,1,1,2,56,1
19,18,J5,1,1,2,54,1
19,19,J1,1,1,1,65,2
19,19,J2,1,1,0,54,1
19,19,J3,1,1,1,90,2
19,19,J4,1,1,2,62,2
19,19,J5,1,1,2,36,1
19,20,J1,0,1,2,11,0
19,20,J2,0,1,1,26,0
19,20,J3,0,1,0,12,0
19,20,J4,0,1,2,7,0
19,20,J5,0,1,0,12,0
19,21,J1,0,1,0,11,0
19,21,J2,0,1,0,10,0
19,21,J3,0,1,1,20,0
19,21,J4,0,1,1,33,1
19,21,J5,0,1,1,21,0
19,22,J1,0,1,2,12,0
19,22,J2,0,1,1,36,1
19,22,J3,0,1,2,8,0
19,22,J4,0,1,1,28,0
19,22,J5,0,1,1,29,0
19,23,J1,0,1,2,16,0
19,23,J2,0,1,2,13,0
19,23,J3,0,1,2,11,0
19,23,J4,0,1,1,21,0
19,23,J5,0,1,2,14,0
20,0,J1,0,1,2,18,0
20,0,J2,0,1,0,6,0
20,0,J3,0,1,1,25,0
20,0,J4,0,1,0,14,0
20,0,J5,0,1,2,11,0
20,1,J1,0,1,2,9,0
20,1,J2,0,1,0,8,0
20,1,J3,0,1,0,12,0
20,1,J4,0,1,1,29,0
20,1,J5,0,1,1,32,1
20,2,J1,0,1,1,27,0
20,2,J2,0,1,2,12,0
20,2,J3,0,1,0,12,0
20,2,J4,0,1,0,11,0
20,2,J5,0,1,1,17,0
20,3,J1,0,1,0,15,0
20,3,J2,0,1,1,21,0
20,3,J3,0,1,0,9,0
20,3,J4,0,1,0,10,0
20,3,J5,0,1,1,24,0
20,4,J1,0,1,0,13,0
20,4,J2,0,1,2,13,0
20,4,J3,0,1,2,9,0
20,4,J4,0,1,0,6,0
20,4,J5,0,1,1,28,0
20,5,J1,0,1,0,13,0
20,5,J2,0,1,1,26,0
20,5,J3,0,1,1,23,0
20,5,J4,0,1,2,18,0
20,5,J5,0,1,1,29,0
20,6,J1,0,1,2,6,0
20,6,J2,0,1,0,11,0
20,6,J3,0,1,0,9,0
20,6,J4,0,1,2,4,0
20,6,J5,0,1,2,9,0
20,7,J1,0,1,0,8,0
20,7,J2,0,1,1,31,1
20,7,J3,0,1,2,10,0
20,7,J4,0,1,2,10,0
20,7,J5,0,1,1,27,0
20,8,J1,1,1,1,83,2
20,8,J2,1,1,0,49,1
20,8,J3,1,1,2,37,1
20,8,J4,1,1,0,41,1
20,8,J5,1,1,0,64,2
20,9,J1,1,1,2,47,1
20,9,J2,1,1,0,63,2
20,9,J3,1,1,1,76,2
20,9,J4,1,1,1,60,2
20,9,J5,1,1,0,46,1
20,10,J1,0,1,1,30,1
20,10,J2,0,1,2,18,0
20,10,J3,0,1,0,13,0
20,10,J4,0,1,2,2,0
20,10,J5,0,1,1,26,0
20,11,J1,0,1,0,5,0
20,11,J2,0,1,0,13,0
20,11,J3,0,1,0,15,0
20,11,J4,0,1,2,16,0
20,11,J5,0,1,2,6,0
20,12,J1,0,1,0,16,0
20,12,J2,0,1,1,25,0
20,12,J3,0,1,2,14,0
20,12,J4,0,1,1,22,0
20,12,J5,0,1,0,15,0
20,13,J1,0,1,1,28,0
20,13,J2,0,1,0,6,0
20,13,J3,0,1,1,23,0
20,13,J4,0,1,0,15,0
20,13,J5,0,1,1,19,0
20,14,J1,0,1,0,6,0
20,14,J2,0,1,0,4,0
20,14,J3,0,1,1,16,0
20,14,J4,0,1,0,13,0
20,14,J5,0,1,1,29,0
20,15,J1,0,1,2,12,0
20,15,J2,0,1,2,11,0
20,15,J3,0,1,2,13,0
20,15,J4,0,1,0,3,0
20,15,J5,0,1,1,20,0
20,16,J1,0,1,1,29,0
20,16,J2,0,1,2,17,0
20,16,J3,0,1,2,3,0
20,16,J4,0,1,0,14,0
20,16,J5,0,1,0,6,0
20,17,J1,1,1,2,62,2
20,17,J2,1,1,1,53,1
20,17,J3,1,1,0,48,1
20,17,J4,1,1,1,82,2
20,17,J5,1,1,1,81,2
20,18,J1,1,1,0,43,1
20,18,J2,1,1,0,64,2
20,18,J3,1,1,1,72,2
20,18,J4,1,1,2,54,1
20,18,J5,1,1,0,57,1
20,19,J1,1,1,0,54,1
20,19,J2,1,1,2,57,1
20,19,J3,1,1,1,72,2
20,19,J4,1,1,0,53,1
20,19,J5,1,1,0,71,2
20,20,J1,0,1,0,3,0
20,20,J2,0,1,0,11,0
20,20,J3,0,1,1,27,0
20,20,J4,0,1,1,23,0
20,20,J5,0,1,0,7,0
20,21,J1,0,1,2,11,0
20,21,J2,0,1,2,10,0
20,21,J3,0,1,2,12,0
20,21,J4,0,1,2,18,0
20,21,J5,0,1,0,10,0
20,22,J1,0,1,0,15,0
20,22,J2,0,1,2,4,0
20,22,J3,0,1,2,12,0
20,22,J4,0,1,2,13,0
20,22,J5,0,1,1,25,0
20,23,J1,0,1,1,31,1
20,23,J2,0,1,1,37,1
20,23,J3,0,1,0,13,0
20,23,J4,0,1,1,14,0
20,23,J5,0,1,0,9,0
21,0,J1,0,0,0,21,0
21,0,J2,0,0,1,37,1
21,0,J3,0,0,0,17,0
21,0,J4,0,0,1,37,1
21,0,J5,0,0,1,30,1
21,1,J1,0,0,1,37,1
21,1,J2,0,0,2,16,0
21,1,J3,0,0,0,16,0
21,1,J4,0,0,2,22,0
21,1,J5,0,0,2,20,0
21,2,J1,0,0,0,23,0
21,2,J2,0,0,2,21,0
21,2,J3,0,0,2,23,0
21,2,J4,0,0,2,17,0
21,2,J5,0,0,1,39,1
21,3,J1,0,0,0,17,0
21,3,J2,0,0,1,44,1
21,3,J3,0,0,0,17,0
21,3,J4,0,0,0,17,0
21,3,J5,0,0,2,15,0
21,4,J1,0,0,1,33,1
21,4,J2,0,0,2,22,0
21,4,J3,0,0,1,37,1
21,4,J4,0,0,0,17,0
21,4,J5,0,0,0,15,0
21,5,J1,0,0,2,19,0
21,5,J2,0,0,0,22,0
21,5,J3,0,0,1,40,1
21,5,J4,0,0,0,24,0
21,5,J5,0,0,1,31,1
21,6,J1,0,0,2,25,0
21,6,J2,0,0,1,38,1
21,6,J3,0,0,1,35,1
21,6,J4,0,0,2,15,0
21,6,J5,0,0,0,23,0
21,7,J1,0,0,1,44,1
21,7,J2,0,0,2,18,0
21,7,J3,0,0,0,17,0
21,7,J4,0,0,0,15,0
21,7,J5,0,0,2,20,0
21,8,J1,1,0,0,49,1
21,8,J2,1,0,2,72,2
21,8,J3,1,0,1,66,2
21,8,J4,1,0,0,60,2
21,8,J5,1,0,0,70,2
21,9,J1,1,0,2,75,2
21,9,J2,1,0,2,78,2
21,9,J3,1,0,0,82,2
21,9,J4,1,0,2,68,2
21,9,J5,1,0,0,51,1
21,10,J1,0,0,1,36,1
21,10,J2,0,0,0,21,0
21,10,J3,0,0,2,16,0
21,10,J4,0,0,1,34,1
21,10,J5,0,0,0,19,0
21,11,J1,0,0,1,39,1
21,11,J2,0,0,2,18,0
21,11,J3,0,0,2,18,0
21,11,J4,0,0,2,15,0
21,11,J5,0,0,0,24,0
21,12,J1,0,0,2,25,0
21,12,J2,0,0,2,16,0
21,12,J3,0,0,1,38,1
21,12,J4,0,0,1,39,1
21,12,J5,0,0,1,42,1
21,13,J1,0,0,2,20,0
21,13,J2,0,0,0,24,0
21,13,J3,0,0,2,22,0
21,13,J4,0,0,2,25,0
21,13,J5,0,0,1,34,1
21,14,J1,0,0,2,18,0
21,14,J2,0,0,2,19,0
21,14,J3,0,0,0,15,0
21,14,J4,0,0,0,15,0
21,14,J5,0,0,1,36,1
21,15,J1,0,0,2,18,0
21,15,J2,0,0,2,21,0
21,15,J3,0,0,1,30,1
21,15,J4,0,0,1,43,1
21,15,J5,0,0,0,15,0
21,16,J1,0,0,2,18,0
21,16,J2,0,0,2,19,0
21,16,J3,0,0,1,30,1
21,16,J4,0,0,1,41,1
21,16,J5,0,0,1,26,0
21,17,J1,1,0,2,60,2
21,17,J2,1,0,1,96,2
21,17,J3,1,0,0,73,2
21,17,J4,1,0,0,60,2
21,17,J5,1,0,2,67,2
21,18,J1,1,0,0,67,2
21,18,J2,1,0,1,76,2
21,18,J3,1,0,2,78,2
21,18,J4,1,0,1,86,2
21,18,J5,1,0,2,63,2
21,19,J1,1,0,2,71,2
21,19,J2,1,0,2,62,2
21,19,J3,1,0,0,73,2
21,19,J4,1,0,1,86,2
21,19,J5,1,0,0,53,1
21,20,J1,0,0,1,41,1
21,20,J2,0,0,2,17,0
21,20,J3,0,0,2,24,0
21,20,J4,0,0,1,36,1
21,20,J5,0,0,0,19,0
21,21,J1,0,0,2,20,0
21,21,J2,0,0,2,15,0
21,21,J3,0,0,1,32,1
21,21,J4,0,0,1,33,1
21,21,J5,0,0,1,32,1
21,22,J1,0,0,2,19,0
21,22,J2,0,0,0,16,0
21,22,J3,0,0,1,28,0
21,22,J4,0,0,0,22,0
21,22,J5,0,0,2,15,0
21,23,J1,0,0,1,35,1
21,23,J2,0,0,0,20,0
21,23,J3,0,0,1,37,1
21,23,J4,0,0,1,28,0
21,23,J5,0,0,2,25,0
22,0,J1,0,0,0,18,0
22,0,J2,0,0,2,15,0
22,0,J3,0,0,1,39,1
22,0,J4,0,0,0,15,0
22,0,J5,0,0,1,35,1
22,1,J1,0,0,2,16,0
22,1,J2,0,0,1,32,1
22,1,J3,0,0,0,23,0
22,1,J4,0,0,2,19,0
22,1,J5,0,0,0,24,0
22,2,J1,0,0,1,38,1
22,2,J2,0,0,1,31,1
22,2,J3,0,0,1,37,1
22,2,J4,0,0,1,42,1
22,2,J5,0,0,0,19,0
22,3,J1,0,0,0,17,0
22,3,J2,0,0,1,26,0
22,3,J3,0,0,2,23,0
22,3,J4,0,0,2,16,0
22,3,J5,0,0,0,23,0
22,4,J1,0,0,1,38,1
22,4,J2,0,0,1,31,1
22,4,J3,0,0,2,18,0
22,4,J4,0,0,0,16,0
22,4,J5,0,0,1,39,1
22,5,J1,0,0,2,22,0
22,5,J2,0,0,0,17,0
22,5,J3,0,0,0,22,0
22,5,J4,0,0,2,15,0
22,5,J5,0,0,0,21,0
22,6,J1,0,0,0,16,0
22,6,J2,0,0,1,33,1
22,6,J3,0,0,2,24,0
22,6,J4,0,0,2,25,0
22,6,J5,0,0,2,22,0
22,7,J1,0,0,2,20,0
22,7,J2,0,0,1,33,1
22,7,J3,0,0,2,25,0
22,7,J4,0,0,2,16,0
22,7,J5,0,0,1,36,1
22,8,J1,1,0,0,78,2
22,8,J2,1,0,0,63,2
22,8,J3,1,0,2,72,2
22,8,J4,1,0,1,67,2
22,8,J5,1,0,2,58,1
22,9,J1,1,0,1,75,2
22,9,J2,1,0,1,76,2
22,9,J3,1,0,0,61,2
22,9,J4,1,0,1,79,2
22,9,J5,1,0,1,93,2
22,10,J1,0,0,2,17,0
22,10,J2,0,0,2,16,0
22,10,J3,0,0,1,31,1
22,10,J4,0,0,2,25,0
22,10,J5,0,0,0,19,0
22,11,J1,0,0,2,22,0
22,11,J2,0,0,1,40,1
22,11,J3,0,0,0,24,0
22,11,J4,0,0,0,23,0
22,11,J5,0,0,0,22,0
22,12,J1,0,0,1,31,1
22,12,J2,0,0,0,24,0
22,12,J3,0,0,1,40,1
22,12,J4,0,0,1,36,1
22,12,J5,0,0,0,25,0
22,13,J1,0,0,2,16,0
22,13,J2,0,0,2,24,0
22,13,J3,0,0,1,35,1
22,13,J4,0,0,2,22,0
22,13,J5,0,0,1,34,1
22,14,J1,0,0,1,31,1
22,14,J2,0,0,1,35,1
22,14,J3,0,0,0,25,0
22,14,J4,0,0,2,21,0
22,14,J5,0,0,1,42,1
22,15,J1,0,0,2,15,0
22,15,J2,0,0,0,18,0
22,15,J3,0,0,0,24,0
22,15,J4,0,0,2,15,0
22,15,J5,0,0,0,25,0
22,16,J1,0,0,0,22,0
22,16,J2,0,0,2,19,0
22,16,J3,0,0,1,43,1
22,16,J4,0,0,1,31,1
22,16,J5,0,0,2,20,0
22,17,J1,1,0,1,87,2
22,17,J2,1,0,1,83,2
22,17,J3,1,0,2,54,1
22,17,J4,1,0,2,59,1
22,17,J5,1,0,1,69,2
22,18,J1,1,0,0,53,1
22,18,J2,1,0,1,62,2
22,18,J3,1,0,0,67,2
22,18,J4,1,0,1,86,2
22,18,J5,1,0,1,81,2
22,19,J1,1,0,0,68,2
22,19,J2,1,0,1,70,2
22,19,J3,1,0,1,92,2
22,19,J4,1,0,0,64,2
22,19,J5,1,0,0,49,1
22,20,J1,0,0,0,25,0
22,20,J2,0,0,0,17,0
22,20,J3,0,0,2,22,0
22,20,J4,0,0,2,21,0
22,20,J5,0,0,0,16,0
22,21,J1,0,0,0,25,0
22,21,J2,0,0,1,41,1
22,21,J3,0,0,1,36,1
22,21,J4,0,0,1,39,1
22,21,J5,0,0,2,22,0
22,22,J1,0,0,1,33,1
22,22,J2,0,0,0,21,0
22,22,J3,0,0,2,15,0
22,22,J4,0,0,2,22,0
22,22,J5,0,0,2,18,0
22,23,J1,0,0,2,23,0
22,23,J2,0,0,1,39,1
22,23,J3,0,0,2,20,0
22,23,J4,0,0,0,15,0
22,23,J5,0,0,2,22,0
23,0,J1,0,0,2,20,0
23,0,J2,0,0,0,24,0
23,0,J3,0,0,1,28,0
23,0,J4,0,0,2,23,0
23,0,J5,0,0,1,40,1
23,1,J1,0,0,0,23,0
23,1,J2,0,0,2,16,0
23,1,J3,0,0,0,22,0
23,1,J4,0,0,2,25,0
23,1,J5,0,0,2,16,0
23,2,J1,0,0,2,25,0
23,2,J2,0,0,2,24,0
23,2,J3,0,0,1,34,1
23,2,J4,0,0,1,33,1
23,2,J5,0,0,1,40,1
23,3,J1,0,0,1,39,1
23,3,J2,0,0,1,34,1
23,3,J3,0,0,1,27,0
23,3,J4,0,0,2,24,0
23,3,J5,0,0,2,19,0
23,4,J1,0,0,2,24,0
23,4,J2,0,0,1,35,1
23,4,J3,0,0,1,36,1
23,4,J4,0,0,2,15,0
23,4,J5,0,0,2,19,0
23,5,J1,0,0,2,24,0
23,5,J2,0,0,0,19,0
23,5,J3,0,0,1,28,0
23,5,J4,0,0,2,16,0
23,5,J5,0,0,1,31,1
23,6,J1,0,0,2,19,0
23,6,J2,0,0,1,29,0
23,6,J3,0,0,2,16,0
23,6,J4,0,0,2,17,0
23,6,J5,0,0,2,17,0
23,7,J1,0,0,2,22,0
23,7,J2,0,0,1,31,1
23,7,J3,0,0,2,18,0
23,7,J4,0,0,1,35,1
23,7,J5,0,0,0,20,0
23,8,J1,1,0,0,77,2
23,8,J2,1,0,2,76,2
23,8,J3,1,0,1,91,2
23,8,J4,1,0,0,73,2
23,8,J5,1,0,2,67,2
23,9,J1,1,0,0,68,2
23,9,J2,1,0,0,69,2
23,9,J3,1,0,0,48,1
23,9,J4,1,0,1,78,2
23,9,J5,1,0,1,89,2
23,10,J1,0,0,1,41,1
23,10,J2,0,0,1,31,1
23,10,J3,0,0,2,21,0
23,10,J4,0,0,0,19,0
23,10,J5,0,0,1,41,1
23,11,J1,0,0,1,43,1
23,11,J2,0,0,0,16,0
23,11,J3,0,0,2,25,0
23,11,J4,0,0,1,40,1
23,11,J5,0,0,2,19,0
23,12,J1,0,0,1,33,1
23,12,J2,0,0,0,19,0
23,12,J3,0,0,2,24,0
23,12,J4,0,0,1,42,1
23,12,J5,0,0,2,18,0
23,13,J1,0,0,2,25,0
23,13,J2,0,0,2,18,0
23,13,J3,0,0,2,20,0
23,13,J4,0,0,2,17,0
23,13,J5,0,0,1,33,1
23,14,J1,0,0,2,15,0
23,14,J2,0,0,0,15,0
23,14,J3,0,0,1,34,1
23,14,J4,0,0,0,25,0
23,14,J5,0,0,1,33,1
23,15,J1,0,0,2,19,0
23,15,J2,0,0,1,28,0
23,15,J3,0,0,0,24,0
23,15,J4,0,0,0,15,0
23,15,J5,0,0,2,25,0
23,16,J1,0,0,0,24,0
23,16,J2,0,0,2,16,0
23,16,J3,0,0,2,16,0
23,16,J4,0,0,0,24,0
23,16,J5,0,0,0,21,0
23,17,J1,1,0,2,79,2
23,17,J2,1,0,2,72,2
23,17,J3,1,0,0,69,2
23,17,J4,1,0,1,81,2
23,17,J5,1,0,0,72,2
23,18,J1,1,0,1,95,2
23,18,J2,1,0,1,66,2
23,18,J3,1,0,1,85,2
23,18,J4,1,0,1,69,2
23,18,J5,1,0,1,68,2
23,19,J1,1,0,1,96,2
23,19,J2,1,0,1,77,2
23,19,J3,1,0,0,57,1
23,19,J4,1,0,1,80,2
23,19,J5,1,0,0,81,2
23,20,J1,0,0,2,19,0
23,20,J2,0,0,0,15,0
23,20,J3,0,0,0,16,0
23,20,J4,0,0,2,19,0
23,20,J5,0,0,1,32,1
23,21,J1,0,0,0,25,0
23,21,J2,0,0,2,15,0
23,21,J3,0,0,0,25,0
23,21,J4,0,0,1,31,1
23,21,J5,0,0,2,20,0
23,22,J1,0,0,1,34,1
23,22,J2,0,0,2,22,0
23,22,J3,0,0,1,37,1
23,22,J4,0,0,2,16,0
23,22,J5,0,0,2,18,0
23,23,J1,0,0,0,21,0
23,23,J2,0,0,2,22,0
23,23,J3,0,0,0,24,0
23,23,J4,0,0,2,20,0
23,23,J5,0,0,1,39,1
24,0,J1,0,0,1,35,1
24,0,J2,0,0,2,16,0
24,0,J3,0,0,1,38,1
24,0,J4,0,0,0,22,0
24,0,J5,0,0,1,38,1
24,1,J1,0,0,0,23,0
24,1,J2,0,0,0,21,0
24,1,J3,0,0,2,18,0
24,1,J4,0,0,1,32,1
24,1,J5,0,0,2,20,0
24,2,J1,0,0,1,36,1
24,2,J2,0,0,1,30,1
24,2,J3,0,0,0,18,0
24,2,J4,0,0,0,24,0
24,2,J5,0,0,0,22,0
24,3,J1,0,0,1,34,1
24,3,J2,0,0,2,19,0
24,3,J3,0,0,1,40,1
24,3,J4,0,0,0,15,0
24,3,J5,0,0,1,30,1
24,4,J1,0,0,2,15,0
24,4,J2,0,0,1,29,0
24,4,J3,0,0,2,25,0
24,4,J4,0,0,2,22,0
24,4,J5,0,0,2,23,0
24,5,J1,0,0,0,24,0
24,5,J2,0,0,0,16,0
24,5,J3,0,0,0,17,0
24,5,J4,0,0,1,35,1
24,5,J5,0,0,1,34,1
24,6,J1,0,0,0,25,0
24,6,J2,0,0,0,15,0
24,6,J3,0,0,0,25,0
24,6,J4,0,0,0,19,0
24,6,J5,0,0,0,22,0
24,7,J1,0,0,2,17,0
24,7,J2,0,0,2,16,0
24,7,J3,0,0,0,16,0
24,7,J4,0,0,1,43,1
24,7,J5,0,0,0,16,0
24,8,J1,1,0,0,63,2
24,8,J2,1,0,2,72,2
24,8,J3,1,0,1,77,2
24,8,J4,1,0,2,54,1
24,8,J5,1,0,0,69,2
24,9,J1,1,0,2,55,1
24,9,J2,1,0,0,52,1
24,9,J3,1,0,0,75,2
24,9,J4,1,0,0,72,2
24,9,J5,1,0,2,57,1
24,10,J1,0,0,0,24,0
24,10,J2,0,0,0,17,0
24,10,J3,0,0,0,25,0
24,10,J4,0,0,2,21,0
24,10,J5,0,0,0,15,0
24,11,J1,0,0,1,26,0
24,11,J2,0,0,0,17,0
24,11,J3,0,0,0,25,0
24,11,J4,0,0,2,19,0
24,11,J5,0,0,1,34,1
24,12,J1,0,0,0,17,0
24,12,J2,0,0,2,19,0
24,12,J3,0,0,2,22,0
24,12,J4,0,0,1,30,1
24,12,J5,0,0,2,15,0
24,13,J1,0,0,2,17,0
24,13,J2,0,0,2,22,0
24,13,J3,0,0,2,16,0
24,13,J4,0,0,2,19,0
24,13,J5,0,0,1,31,1
24,14,J1,0,0,2,18,0
24,14,J2,0,0,0,16,0
24,14,J3,0,0,2,16,0
24,14,J4,0,0,2,20,0
24,14,J5,0,0,2,23,0
24,15,J1,0,0,0,22,0
24,15,J2,0,0,2,25,0
24,15,J3,0,0,0,19,0
24,15,J4,0,0,0,18,0
24,15,J5,0,0,0,17,0
24,16,J1,0,0,2,22,0
24,16,J2,0,0,1,29,0
24,16,J3,0,0,2,15,0
24,16,J4,0,0,0,25,0
24,16,J5,0,0,1,32,1
24,17,J1,1,0,1,77,2
24,17,J2,1,0,1,57,1
24,17,J3,1,0,2,52,1
24,17,J4,1,0,0,68,2
24,17,J5,1,0,0,50,1
24,18,J1,1,0,2,68,2
24,18,J2,1,0,2,61,2
24,18,J3,1,0,0,78,2
24,18,J4,1,0,1,68,2
24,18,J5,1,0,0,51,1
24,19,J1,1,0,2,61,2
24,19,J2,1,0,1,87,2
24,19,J3,1,0,1,80,2
24,19,J4,1,0,1,71,2
24,19,J5,1,0,1,71,2
24,20,J1,0,0,0,22,0
24,20,J2,0,0,2,18,0
24,20,J3,0,0,2,20,0
24,20,J4,0,0,1,33,1
24,20,J5,0,0,0,15,0
24,21,J1,0,0,2,24,0
24,21,J2,0,0,0,19,0
24,21,J3,0,0,0,16,0
24,21,J4,0,0,1,38,1
24,21,J5,0,0,0,20,0
24,22,J1,0,0,0,19,0
24,22,J2,0,0,2,17,0
24,22,J3,0,0,2,24,0
24,22,J4,0,0,0,24,0
24,22,J5,0,0,2,18,0
24,23,J1,0,0,0,21,0
24,23,J2,0,0,2,22,0
24,23,J3,0,0,0,24,0
24,23,J4,0,0,1,36,1
24,23,J5,0,0,0,21,0
25,0,J1,0,0,2,18,0
25,0,J2,0,0,0,20,0
25,0,J3,0,0,1,37,1
25,0,J4,0,0,2,17,0
25,0,J5,0,0,2,15,0
25,1,J1,0,0,1,25,0
25,1,J2,0,0,1,33,1
25,1,J3,0,0,1,39,1
25,1,J4,0,0,1,33,1
25,1,J5,0,0,1,29,0
25,2,J1,0,0,2,15,0
25,2,J2,0,0,2,21,0
25,2,J3,0,0,0,17,0
25,2,J4,0,0,1,32,1
25,2,J5,0,0,2,16,0
25,3,J1,0,0,0,22,0
25,3,J2,0,0,2,19,0
25,3,J3,0,0,0,22,0
25,3,J4,0,0,2,24,0
25,3,J5,0,0,0,22,0
25,4,J1,0,0,1,33,1
25,4,J2,0,0,0,20,0
25,4,J3,0,0,2,22,0
25,4,J4,0,0,2,25,0
25,4,J5,0,0,0,25,0
25,5,J1,0,0,0,21,0
25,5,J2,0,0,2,20,0
25,5,J3,0,0,2,15,0
25,5,J4,0,0,1,35,1
25,5,J5,0,0,2,24,0
25,6,J1,0,0,2,24,0
25,6,J2,0,0,0,25,0
25,6,J3,0,0,0,24,0
25,6,J4,0,0,1,33,1
25,6,J5,0,0,2,20,0
25,7,J1,0,0,0,16,0
25,7,J2,0,0,1,37,1
25,7,J3,0,0,2,15,0
25,7,J4,0,0,1,32,1
25,7,J5,0,0,2,23,0
25,8,J1,1,0,2,55,1
25,8,J2,1,0,2,72,2
25,8,J3,1,0,0,58,1
25,8,J4,1,0,2,58,1
25,8,J5,1,0,1,90,2
25,9,J1,1,0,2,72,2
25,9,J2,1,0,1,78,2
25,9,J3,1,0,2,62,2
25,9,J4,1,0,0,52,1
25,9,J5,1,0,1,84,2
25,10,J1,0,0,2,16,0
25,10,J2,0,0,1,43,1
25,10,J3,0,0,2,19,0
25,10,J4,0,0,1,39,1
25,10,J5,0,0,2,16,0
25,11,J1,0,0,0,22,0
25,11,J2,0,0,0,16,0
25,11,J3,0,0,1,31,1
25,11,J4,0,0,0,16,0
25,11,J5,0,0,0,19,0
25,12,J1,0,0,0,17,0
25,12,J2,0,0,1,30,1
25,12,J3,0,0,2,25,0
25,12,J4,0,0,0,19,0
25,12,J5,0,0,1,43,1
25,13,J1,0,0,0,22,0
25,13,J2,0,0,1,38,1
25,13,J3,0,0,2,25,0
25,13,J4,0,0,0,19,0
25,13,J5,0,0,0,16,0
25,14,J1,0,0,0,18,0
25,14,J2,0,0,2,25,0
25,14,J3,0,0,1,40,1
25,14,J4,0,0,1,45,1
25,14,J5,0,0,1,41,1
25,15,J1,0,0,2,23,0
25,15,J2,0,0,2,22,0
25,15,J3,0,0,1,38,1
25,15,J4,0,0,0,19,0
25,15,J5,0,0,0,19,0
25,16,J1,0,0,0,22,0
25,16,J2,0,0,1,29,0
25,16,J3,0,0,0,20,0
25,16,J4,0,0,1,34,1
25,16,J5,0,0,2,17,0
25,17,J1,1,0,2,66,2
25,17,J2,1,0,0,60,2
25,17,J3,1,0,0,53,1
25,17,J4,1,0,0,51,1
25,17,J5,1,0,2,56,1
25,18,J1,1,0,1,71,2
25,18,J2,1,0,2,67,2
25,18,J3,1,0,2,60,2
25,18,J4,1,0,0,63,2
25,18,J5,1,0,2,58,1
25,19,J1,1,0,1,64,2
25,19,J2,1,0,1,88,2
25,19,J3,1,0,1,67,2
25,19,J4,1,0,2,65,2
25,19,J5,1,0,2,61,2
25,20,J1,0,0,1,44,1
25,20,J2,0,0,0,24,0
25,20,J3,0,0,2,22,0
25,20,J4,0,0,1,33,1
25,20,J5,0,0,0,17,0
25,21,J1,0,0,2,23,0
25,21,J2,0,0,0,19,0
25,21,J3,0,0,0,21,0
25,21,J4,0,0,2,18,0
25,21,J5,0,0,1,31,1
25,22,J1,0,0,1,34,1
25,22,J2,0,0,2,18,0
25,22,J3,0,0,2,23,0
25,22,J4,0,0,0,19,0
25,22,J5,0,0,0,15,0
25,23,J1,0,0,0,23,0
25,23,J2,0,0,1,45,1
25,23,J3,0,0,0,23,0
25,23,J4,0,0,1,35,1
25,23,J5,0,0,1,43,1
26,0,J1,0,1,2,20,0
26,0,J2,0,1,1,30,1
26,0,J3,0,1,1,21,0
26,0,J4,0,1,1,24,0
26,0,J5,0,1,1,30,1
26,1,J1,0,1,2,9,0
26,1,J2,0,1,1,28,0
26,1,J3,0,1,2,6,0
26,1,J4,0,1,2,2,0
26,1,J5,0,1,0,11,0
26,2,J1,0,1,1,24,0
26,2,J2,0,1,2,5,0
26,2,J3,0,1,0,14,0
26,2,J4,0,1,1,32,1
26,2,J5,0,1,1,30,1
26,3,J1,0,1,0,8,0
26,3,J2,0,1,2,3,0
26,3,J3,0,1,1,32,1
26,3,J4,0,1,2,6,0
26,3,J5,0,1,0,12,0
26,4,J1,0,1,1,24,0
26,4,J2,0,1,1,21,0
26,4,J3,0,1,1,31,1
26,4,J4,0,1,2,3,0
26,4,J5,0,1,0,13,0
26,5,J1,0,1,1,17,0
26,5,J2,0,1,2,12,0
26,5,J3,0,1,1,24,0
26,5,J4,0,1,1,24,0
26,5,J5,0,1,2,1,0
26,6,J1,0,1,1,13,0
26,6,J2,0,1,0,12,0
26,6,J3,0,1,2,13,0
26,6,J4,0,1,0,14,0
26,6,J5,0,1,1,21,0
26,7,J1,0,1,0,10,0
26,7,J2,0,1,2,1,0
26,7,J3,0,1,2,17,0
26,7,J4,0,1,0,18,0
26,7,J5,0,1,0,7,0
26,8,J1,1,1,1,86,2
26,8,J2,1,1,2,58,1
26,8,J3,1,1,2,55,1
26,8,J4,1,1,0,40,1
26,8,J5,1,1,1,80,2
26,9,J1,1,1,0,42,1
26,9,J2,1,1,2,52,1
26,9,J3,1,1,2,62,2
26,9,J4,1,1,2,62,2
26,9,J5,1,1,1,81,2
26,10,J1,0,1,0,8,0
26,10,J2,0,1,1,30,1
26,10,J3,0,1,2,7,0
26,10,J4,0,1,0,6,0
26,10,J5,0,1,2,12,0
26,11,J1,0,1,0,11,0
26,11,J2,0,1,1,21,0
26,11,J3,0,1,0,5,0
26,11,J4,0,1,0,17,0
26,11,J5,0,1,1,18,0
26,12,J1,0,1,0,8,0
26,12,J2,0,1,2,17,0
26,12,J3,0,1,0,6,0
26,12,J4,0,1,0,16,0
26,12,J5,0,1,0,10,0
26,13,J1,0,1,2,16,0
26,13,J2,0,1,0,18,0
26,13,J3,0,1,1,21,0
26,13,J4,0,1,2,15,0
26,13,J5,0,1,1,31,1
26,14,J1,0,1,2,4,0
26,14,J2,0,1,2,2,0
26,14,J3,0,1,0,1,0
26,14,J4,0,1,2,10,0
26,14,J5,0,1,1,14,0
26,15,J1,0,1,2,12,0
26,15,J2,0,1,2,8,0
26,15,J3,0,1,2,3,0
26,15,J4,0,1,1,31,1
26,15,J5,0,1,1,23,0
26,16,J1,0,1,2,13,0
26,16,J2,0,1,0,6,0
26,16,J3,0,1,1,15,0
26,16,J4,0,1,1,29,0
26,16,J5,0,1,2,11,0
26,17,J1,1,1,1,64,2
26,17,J2,1,1,1,70,2
26,17,J3,1,1,0,55,1
26,17,J4,1,1,1,60,2
26,17,J5,1,1,1,52,1
26,18,J1,1,1,2,44,1
26,18,J2,1,1,2,52,1
26,18,J3,1,1,0,44,1
26,18,J4,1,1,2,59,1
26,18,J5,1,1,0,53,1
26,19,J1,1,1,0,54,1
26,19,J2,1,1,0,67,2
26,19,J3,1,1,1,78,2
26,19,J4,1,1,2,69,2
26,19,J5,1,1,1,81,2
26,20,J1,0,1,2,8,0
26,20,J2,0,1,1,24,0
26,20,J3,0,1,1,34,1
26,20,J4,0,1,0,11,0
26,20,J5,0,1,2,11,0
26,21,J1,0,1,1,32,1
26,21,J2,0,1,1,24,0
26,21,J3,0,1,0,15,0
26,21,J4,0,1,2,10,0
26,21,J5,0,1,2,9,0
26,22,J1,0,1,1,29,0
26,22,J2,0,1,1,23,0
26,22,J3,0,1,2,13,0
26,22,J4,0,1,2,10,0
26,22,J5,0,1,1,22,0
26,23,J1,0,1,1,26,0
26,23,J2,0,1,0,12,0
26,23,J3,0,1,2,4,0
26,23,J4,0,1,2,15,0
26,23,J5,0,1,1,24,0
27,0,J1,0,1,1,22,0
27,0,J2,0,1,1,32,1
27,0,J3,0,1,2,8,0
27,0,J4,0,1,1,34,1
27,0,J5,0,1,0,8,0
27,1,J1,0,1,1,32,1
27,1,J2,0,1,2,9,0
27,1,J3,0,1,1,29,0
27,1,J4,0,1,0,13,0
27,1,J5,0,1,1,39,1
27,2,J1,0,1,1,31,1
27,2,J2,0,1,1,24,0
27,2,J3,0,1,0,3,0
27,2,J4,0,1,0,17,0
27,2,J5,0,1,1,29,0
27,3,J1,0,1,1,18,0
27,3,J2,0,1,0,7,0
27,3,J3,0,1,0,13,0
27,3,J4,0,1,1,27,0
27,3,J5,0,1,1,22,0
27,4,J1,0,1,0,11,0
27,4,J2,0,1,2,9,0
27,4,J3,0,1,2,16,0
27,4,J4,0,1,0,3,0
27,4,J5,0,1,1,29,0
27,5,J1,0,1,1,17,0
27,5,J2,0,1,1,30,1
27,5,J3,0,1,2,17,0
27,5,J4,0,1,0,10,0
27,5,J5,0,1,0,15,0
27,6,J1,0,1,1,15,0
27,6,J2,0,1,2,2,0
27,6,J3,0,1,2,9,0
27,6,J4,0,1,0,9,0
27,6,J5,0,1,1,28,0
27,7,J1,0,1,0,4,0
27,7,J2,0,1,2,12,0
27,7,J3,0,1,2,7,0
27,7,J4,0,1,0,10,0
27,7,J5,0,1,1,28,0
27,8,J1,1,1,2,58,1
27,8,J2,1,1,0,54,1
27,8,J3,1,1,2,62,2
27,8,J4,1,1,2,67,2
27,8,J5,1,1,2,54,1
27,9,J1,1,1,2,53,1
27,9,J2,1,1,2,48,1
27,9,J3,1,1,0,55,1
27,9,J4,1,1,1,82,2
27,9,J5,1,1,0,63,2
27,10,J1,0,1,1,16,0
27,10,J2,0,1,1,24,0
27,10,J3,0,1,1,24,0
27,10,J4,0,1,0,13,0
27,10,J5,0,1,1,28,0
27,11,J1,0,1,1,16,0
27,11,J2,0,1,0,12,0
27,11,J3,0,1,0,14,0
27,11,J4,0,1,1,24,0
27,11,J5,0,1,2,17,0
27,12,J1,0,1,0,11,0
27,12,J2,0,1,1,26,0
27,12,J3,0,1,1,25,0
27,12,J4,0,1,0,6,0
27,12,J5,0,1,0,18,0
27,13,J1,0,1,2,3,0
27,13,J2,0,1,2,9,0
27,13,J3,0,1,2,13,0
27,13,J4,0,1,0,16,0
27,13,J5,0,1,0,10,0
27,14,J1,0,1,2,7,0
27,14,J2,0,1,1,22,0
27,14,J3,0,1,0,11,0
27,14,J4,0,1,1,31,1
27,14,J5,0,1,0,11,0
27,15,J1,0,1,1,24,0
27,15,J2,0,1,1,20,0
27,15,J3,0,1,1,24,0
27,15,J4,0,1,2,9,0
27,15,J5,0,1,0,9,0
27,16,J1,0,1,0,0,0
27,16,J2,0,1,2,3,0
27,16,J3,0,1,1,26,0
27,16,J4,0,1,2,15,0
27,16,J5,0,1,0,5,0
27,17,J1,1,1,1,60,2
27,17,J2,1,1,1,54,1
27,17,J3,1,1,0,72,2
27,17,J4,1,1,1,82,2
27,17,J5,1,1,1,78,2
27,18,J1,1,1,2,54,1
27,18,J2,1,1,0,68,2
27,18,J3,1,1,2,43,1
27,18,J4,1,1,2,60,2
27,18,J5,1,1,1,82,2
27,19,J1,1,1,2,42,1
27,19,J2,1,1,2,50,1
27,19,J3,1,1,0,61,2
27,19,J4,1,1,2,43,1
27,19,J5,1,1,0,48,1
27,20,J1,0,1,2,6,0
27,20,J2,0,1,1,22,0
27,20,J3,0,1,1,21,0
27,20,J4,0,1,1,22,0
27,20,J5,0,1,1,29,0
27,21,J1,0,1,1,26,0
27,21,J2,0,1,0,12,0
27,21,J3,0,1,2,3,0
27,21,J4,0,1,0,6,0
27,21,J5,0,1,1,28,0
27,22,J1,0,1,2,13,0
27,22,J2,0,1,1,26,0
27,22,J3,0,1,0,2,0
27,22,J4,0,1,0,8,0
27,22,J5,0,1,1,24,0
27,23,J1,0,1,0,10,0
27,23,J2,0,1,1,23,0
27,23,J3,0,1,0,7,0
27,23,J4,0,1,2,11,0
27,23,J5,0,1,2,3,0
28,0,J1,0,0,1,33,1
28,0,J2,0,0,0,15,0
28,0,J3,0,0,1,32,1
28,0,J4,0,0,2,22,0
28,0,J5,0,0,0,20,0
28,1,J1,0,0,2,25,0
28,1,J2,0,0,2,22,0
28,1,J3,0,0,0,15,0
28,1,J4,0,0,1,32,1
28,1,J5,0,0,2,21,0
28,2,J1,0,0,2,18,0
28,2,J2,0,0,2,21,0
28,2,J3,0,0,2,21,0
28,2,J4,0,0,2,24,0
28,2,J5,0,0,1,27,0
28,3,J1,0,0,2,15,0
28,3,J2,0,0,0,20,0
28,3,J3,0,0,0,22,0
28,3,J4,0,0,1,44,1
28,3,J5,0,0,2,15,0
28,4,J1,0,0,0,19,0
28,4,J2,0,0,2,24,0
28,4,J3,0,0,1,35,1
28,4,J4,0,0,2,20,0
28,4,J5,0,0,0,23,0
28,5,J1,0,0,0,24,0
28,5,J2,0,0,0,19,0
28,5,J3,0,0,0,23,0
28,5,J4,0,0,1,37,1
28,5,J5,0,0,0,16,0
28,6,J1,0,0,1,39,1
28,6,J2,0,0,0,19,0
28,6,J3,0,0,0,20,0
28,6,J4,0,0,0,17,0
28,6,J5,0,0,1,34,1
28,7,J1,0,0,1,33,1
28,7,J2,0,0,2,19,0
28,7,J3,0,0,2,20,0
28,7,J4,0,0,1,32,1
28,7,J5,0,0,2,22,0
28,8,J1,1,0,0,72,2
28,8,J2,1,0,2,77,2
28,8,J3,1,0,0,53,1
28,8,J4,1,0,0,54,1
28,8,J5,1,0,0,64,2
28,9,J1,1,0,0,74,2
28,9,J2,1,0,1,65,2
28,9,J3,1,0,1,81,2
28,9,J4,1,0,1,73,2
28,9,J5,1,0,0,57,1
28,10,J1,0,0,0,19,0
28,10,J2,0,0,0,17,0
28,10,J3,0,0,2,23,0
28,10,J4,0,0,1,44,1
28,10,J5,0,0,2,18,0
28,11,J1,0,0,2,15,0
28,11,J2,0,0,2,24,0
28,11,J3,0,0,0,21,0
28,11,J4,0,0,0,18,0
28,11,J5,0,0,1,36,1
28,12,J1,0,0,1,29,0
28,12,J2,0,0,2,25,0
28,12,J3,0,0,0,21,0
28,12,J4,0,0,1,35,1
28,12,J5,0,0,1,27,0
28,13,J1,0,0,0,22,0
28,13,J2,0,0,2,25,0
28,13,J3,0,0,1,42,1
28,13,J4,0,0,1,44,1
28,13,J5,0,0,0,20,0
28,14,J1,0,0,0,25,0
28,14,J2,0,0,2,22,0
28,14,J3,0,0,1,36,1
28,14,J4,0,0,0,15,0
28,14,J5,0,0,2,19,0
28,15,J1,0,0,1,26,0
28,15,J2,0,0,2,24,0
28,15,J3,0,0,1,32,1
28,15,J4,0,0,1,30,1
28,15,J5,0,0,1,26,0
28,16,J1,0,0,0,17,0
28,16,J2,0,0,1,35,1
28,16,J3,0,0,2,25,0
28,16,J4,0,0,0,16,0
28,16,J5,0,0,1,38,1
28,17,J1,1,0,2,74,2
28,17,J2,1,0,2,66,2
28,17,J3,1,0,1,82,2
28,17,J4,1,0,2,58,1
28,17,J5,1,0,1,96,2
28,18,J1,1,0,1,88,2
28,18,J2,1,0,0,75,2
28,18,J3,1,0,1,82,2
28,18,J4,1,0,2,59,1
28,18,J5,1,0,0,66,2
28,19,J1,1,0,1,89,2
28,19,J2,1,0,2,69,2
28,19,J3,1,0,1,91,2
28,19,J4,1,0,2,51,1
28,19,J5,1,0,1,76,2
28,20,J1,0,0,1,29,0
28,20,J2,0,0,2,19,0
28,20,J3,0,0,0,23,0
28,20,J4,0,0,1,38,1
28,20,J5,0,0,0,23,0
28,21,J1,0,0,0,15,0
28,21,J2,0,0,2,16,0
28,21,J3,0,0,2,21,0
28,21,J4,0,0,1,33,1
28,21,J5,0,0,2,24,0
28,22,J1,0,0,1,34,1
28,22,J2,0,0,2,16,0
28,22,J3,0,0,2,15,0
28,22,J4,0,0,0,25,0
28,22,J5,0,0,1,29,0
28,23,J1,0,0,1,26,0
28,23,J2,0,0,1,34,1
28,23,J3,0,0,2,22,0
28,23,J4,0,0,2,22,0
28,23,J5,0,0,2,19,0
29,0,J1,0,0,1,30,1
29,0,J2,0,0,0,16,0
29,0,J3,0,0,2,24,0
29,0,J4,0,0,1,36,1
29,0,J5,0,0,1,33,1
29,1,J1,0,0,0,21,0
29,1,J2,0,0,0,15,0
29,1,J3,0,0,0,25,0
29,1,J4,0,0,1,38,1
29,1,J5,0,0,2,24,0
29,2,J1,0,0,2,22,0
29,2,J2,0,0,1,43,1
29,2,J3,0,0,1,45,1
29,2,J4,0,0,1,30,1
29,2,J5,0,0,0,17,0
29,3,J1,0,0,0,18,0
29,3,J2,0,0,0,15,0
29,3,J3,0,0,2,18,0
29,3,J4,0,0,0,18,0
29,3,J5,0,0,1,37,1
29,4,J1,0,0,2,18,0
29,4,J2,0,0,1,43,1
29,4,J3,0,0,0,16,0
29,4,J4,0,0,1,34,1
29,4,J5,0,0,1,31,1
29,5,J1,0,0,0,17,0
29,5,J2,0,0,0,22,0
29,5,J3,0,0,1,32,1
29,5,J4,0,0,1,37,1
29,5,J5,0,0,0,19,0
29,6,J1,0,0,2,21,0
29,6,J2,0,0,0,20,0
29,6,J3,0,0,0,16,0
29,6,J4,0,0,2,21,0
29,6,J5,0,0,1,41,1
29,7,J1,0,0,2,23,0
29,7,J2,0,0,1,32,1
29,7,J3,0,0,1,40,1
29,7,J4,0,0,2,24,0
29,7,J5,0,0,2,22,0
29,8,J1,1,0,0,67,2
29,8,J2,1,0,2,51,1
29,8,J3,1,0,2,63,2
29,8,J4,1,0,0,63,2
29,8,J5,1,0,1,91,2
29,9,J1,1,0,1,89,2
29,9,J2,1,0,1,83,2
29,9,J3,1,0,0,57,1
29,9,J4,1,0,1,76,2
29,9,J5,1,0,2,61,2
29,10,J1,0,0,2,20,0
29,10,J2,0,0,2,25,0
29,10,J3,0,0,1,31,1
29,10,J4,0,0,2,21,0
29,10,J5,0,0,1,45,1
29,11,J1,0,0,2,20,0
29,11,J2,0,0,1,36,1
29,11,J3,0,0,0,19,0
29,11,J4,0,0,2,16,0
29,11,J5,0,0,2,22,0
29,12,J1,0,0,0,17,0
29,12,J2,0,0,0,17,0
29,12,J3,0,0,2,22,0
29,12,J4,0,0,0,21,0
29,12,J5,0,0,1,32,1
29,13,J1,0,0,0,23,0
29,13,J2,0,0,0,15,0
29,13,J3,0,0,1,34,1
29,13,J4,0,0,2,17,0
29,13,J5,0,0,0,23,0
29,14,J1,0,0,0,16,0
29,14,J2,0,0,1,32,1
29,14,J3,0,0,2,18,0
29,14,J4,0,0,0,23,0
29,14,J5,0,0,0,22,0
29,15,J1,0,0,1,35,1
29,15,J2,0,0,0,23,0
29,15,J3,0,0,1,35,1
29,15,J4,0,0,2,25,0
29,15,J5,0,0,0,15,0
29,16,J1,0,0,1,33,1
29,16,J2,0,0,0,24,0
29,16,J3,0,0,2,16,0
29,16,J4,0,0,2,15,0
29,16,J5,0,0,2,16,0
29,17,J1,1,0,0,66,2
29,17,J2,1,0,0,79,2
29,17,J3,1,0,0,72,2
29,17,J4,1,0,2,67,2
29,17,J5,1,0,1,81,2
29,18,J1,1,0,2,61,2
29,18,J2,1,0,0,51,1
29,18,J3,1,0,1,71,2
29,18,J4,1,0,1,77,2
29,18,J5,1,0,0,51,1
29,19,J1,1,0,1,88,2
29,19,J2,1,0,2,69,2
29,19,J3,1,0,0,77,2
29,19,J4,1,0,1,85,2
29,19,J5,1,0,1,81,2
29,20,J1,0,0,2,25,0
29,20,J2,0,0,1,32,1
29,20,J3,0,0,0,15,0
29,20,J4,0,0,2,23,0
29,20,J5,0,0,0,16,0
29,21,J1,0,0,1,36,1
29,21,J2,0,0,0,21,0
29,21,J3,0,0,0,21,0
29,21,J4,0,0,0,25,0
29,21,J5,0,0,2,17,0
29,22,J1,0,0,2,15,0
29,22,J2,0,0,2,25,0
29,22,J3,0,0,2,19,0
29,22,J4,0,0,1,41,1
29,22,J5,0,0,2,23,0
29,23,J1,0,0,1,35,1
29,23,J2,0,0,0,19,0
29,23,J3,0,0,2,24,0
29,23,J4,0,0,0,21,0
29,23,J5,0,0,1,38,1
30,0,J1,0,0,2,24,0
30,0,J2,0,0,2,25,0
30,0,J3,0,0,1,40,1
30,0,J4,0,0,1,32,1
30,0,J5,0,0,0,15,0
30,1,J1,0,0,2,20,0
30,1,J2,0,0,1,35,1
30,1,J3,0,0,2,19,0
30,1,J4,0,0,0,16,0
30,1,J5,0,0,2,23,0
30,2,J1,0,0,1,38,1
30,2,J2,0,0,2,17,0
30,2,J3,0,0,0,15,0
30,2,J4,0,0,2,24,0
30,2,J5,0,0,1,32,1
30,3,J1,0,0,2,21,0
30,3,J2,0,0,2,16,0
30,3,J3,0,0,2,15,0
30,3,J4,0,0,1,39,1
30,3,J5,0,0,2,20,0
30,4,J1,0,0,0,15,0
30,4,J2,0,0,2,16,0
30,4,J3,0,0,1,38,1
30,4,J4,0,0,2,15,0
30,4,J5,0,0,1,33,1
30,5,J1,0,0,2,24,0
30,5,J2,0,0,2,25,0
30,5,J3,0,0,2,23,0
30,5,J4,0,0,2,18,0
30,5,J5,0,0,1,33,1
30,6,J1,0,0,2,24,0
30,6,J2,0,0,2,17,0
30,6,J3,0,0,2,21,0
30,6,J4,0,0,2,18,0
30,6,J5,0,0,0,20,0
30,7,J1,0,0,2,24,0
30,7,J2,0,0,0,20,0
30,7,J3,0,0,1,28,0
30,7,J4,0,0,2,21,0
30,7,J5,0,0,1,27,0
30,8,J1,1,0,0,60,2
30,8,J2,1,0,1,69,2
30,8,J3,1,0,1,90,2
30,8,J4,1,0,2,70,2
30,8,J5,1,0,1,95,2
30,9,J1,1,0,1,88,2
30,9,J2,1,0,2,81,2
30,9,J3,1,0,2,60,2
30,9,J4,1,0,0,63,2
30,9,J5,1,0,1,86,2
30,10,J1,0,0,2,23,0
30,10,J2,0,0,2,16,0
30,10,J3,0,0,2,18,0
30,10,J4,0,0,1,32,1
30,10,J5,0,0,2,17,0
30,11,J1,0,0,2,20,0
30,11,J2,0,0,0,24,0
30,11,J3,0,0,1,27,0
30,11,J4,0,0,1,38,1
30,11,J5,0,0,0,23,0
30,12,J1,0,0,0,16,0
30,12,J2,0,0,1,34,1
30,12,J3,0,0,1,36,1
30,12,J4,0,0,0,17,0
30,12,J5,0,0,0,24,0
30,13,J1,0,0,1,29,0
30,13,J2,0,0,1,30,1
30,13,J3,0,0,2,22,0
30,13,J4,0,0,0,16,0
30,13,J5,0,0,2,20,0
30,14,J1,0,0,0,15,0
30,14,J2,0,0,1,41,1
30,14,J3,0,0,1,41,1
30,14,J4,0,0,1,38,1
30,14,J5,0,0,2,24,0
30,15,J1,0,0,0,17,0
30,15,J2,0,0,2,25,0
30,15,J3,0,0,1,42,1
30,15,J4,0,0,1,32,1
30,15,J5,0,0,0,24,0
30,16,J1,0,0,2,24,0
30,16,J2,0,0,1,34,1
30,16,J3,0,0,1,38,1
30,16,J4,0,0,0,25,0
30,16,J5,0,0,1,39,1
30,17,J1,1,0,0,74,2
30,17,J2,1,0,2,54,1
30,17,J3,1,0,2,74,2
30,17,J4,1,0,2,66,2
30,17,J5,1,0,2,63,2
30,18,J1,1,0,0,84,2
30,18,J2,1,0,2,63,2
30,18,J3,1,0,2,64,2
30,18,J4,1,0,1,72,2
30,18,J5,1,0,2,82,2
30,19,J1,1,0,0,75,2
30,19,J2,1,0,1,86,2
30,19,J3,1,0,2,80,2
30,19,J4,1,0,1,74,2
30,19,J5,1,0,1,76,2
30,20,J1,0,0,1,30,1
30,20,J2,0,0,1,33,1
30,20,J3,0,0,0,23,0
30,20,J4,0,0,1,35,1
30,20,J5,0,0,0,16,0
30,21,J1,0,0,0,23,0
30,21,J2,0,0,0,19,0
30,21,J3,0,0,0,17,0
30,21,J4,0,0,1,28,0
30,21,J5,0,0,1,41,1
30,22,J1,0,0,0,15,0
30,22,J2,0,0,2,20,0
30,22,J3,0,0,0,15,0
30,22,J4,0,0,2,15,0
30,22,J5,0,0,1,32,1
30,23,J1,0,0,1,33,1
30,23,J2,0,0,1,35,1
30,23,J3,0,0,0,15,0
30,23,J4,0,0,0,18,0
30,23,J5,0,0,2,24,0
31,0,J1,0,0,0,22,0
31,0,J2,0,0,2,23,0
31,0,J3,0,0,1,30,1
31,0,J4,0,0,0,20,0
31,0,J5,0,0,1,39,1
31,1,J1,0,0,0,22,0
31,1,J2,0,0,0,21,0
31,1,J3,0,0,2,18,0
31,1,J4,0,0,0,19,0
31,1,J5,0,0,2,24,0
31,2,J1,0,0,2,16,0
31,2,J2,0,0,0,23,0
31,2,J3,0,0,2,17,0
31,2,J4,0,0,1,40,1
31,2,J5,0,0,1,36,1
31,3,J1,0,0,2,18,0
31,3,J2,0,0,0,20,0
31,3,J3,0,0,2,17,0
31,3,J4,0,0,0,23,0
31,3,J5,0,0,1,40,1
31,4,J1,0,0,0,15,0
31,4,J2,0,0,1,38,1
31,4,J3,0,0,2,17,0
31,4,J4,0,0,0,15,0
31,4,J5,0,0,1,38,1
31,5,J1,0,0,1,41,1
31,5,J2,0,0,1,38,1
31,5,J3,0,0,2,23,0
31,5,J4,0,0,1,27,0
31,5,J5,0,0,2,23,0
31,6,J1,0,0,2,16,0
31,6,J2,0,0,1,32,1
31,6,J3,0,0,2,16,0
31,6,J4,0,0,0,23,0
31,6,J5,0,0,1,34,1
31,7,J1,0,0,2,23,0
31,7,J2,0,0,1,40,1
31,7,J3,0,0,2,19,0
31,7,J4,0,0,2,22,0
31,7,J5,0,0,1,38,1
31,8,J1,1,0,1,75,2
31,8,J2,1,0,2,55,1
31,8,J3,1,0,2,59,1
31,8,J4,1,0,0,71,2
31,8,J5,1,0,0,73,2
31,9,J1,1,0,2,56,1
31,9,J2,1,0,2,80,2
31,9,J3,1,0,1,83,2
31,9,J4,1,0,2,55,1
31,9,J5,1,0,0,83,2
31,10,J1,0,0,1,36,1
31,10,J2,0,0,1,40,1
31,10,J3,0,0,1,33,1
31,10,J4,0,0,2,15,0
31,10,J5,0,0,0,22,0
31,11,J1,0,0,1,35,1
31,11,J2,0,0,0,18,0
31,11,J3,0,0,2,15,0
31,11,J4,0,0,1,40,1
31,11,J5,0,0,0,16,0
31,12,J1,0,0,2,25,0
31,12,J2,0,0,1,31,1
31,12,J3,0,0,1,30,1
31,12,J4,0,0,1,41,1
31,12,J5,0,0,0,15,0
31,13,J1,0,0,0,25,0
31,13,J2,0,0,1,30,1
31,13,J3,0,0,2,23,0
31,13,J4,0,0,1,35,1
31,13,J5,0,0,0,25,0
31,14,J1,0,0,2,24,0
31,14,J2,0,0,2,25,0
31,14,J3,0,0,2,24,0
31,14,J4,0,0,0,16,0
31,14,J5,0,0,2,17,0
31,15,J1,0,0,2,16,0
31,15,J2,0,0,0,19,0
31,15,J3,0,0,2,18,0
31,15,J4,0,0,2,19,0
31,15,J5,0,0,0,25,0
31,16,J1,0,0,0,25,0
31,16,J2,0,0,2,24,0
31,16,J3,0,0,1,43,1
31,16,J4,0,0,1,31,1
31,16,J5,0,0,2,25,0
31,17,J1,1,0,2,51,1
31,17,J2,1,0,1,92,2
31,17,J3,1,0,0,74,2
31,17,J4,1,0,1,83,2
31,17,J5,1,0,0,76,2
31,18,J1,1,0,0,59,1
31,18,J2,1,0,2,64,2
31,18,J3,1,0,0,60,2
31,18,J4,1,0,1,66,2
31,18,J5,1,0,2,58,1
31,19,J1,1,0,0,77,2
31,19,J2,1,0,0,55,1
31,19,J3,1,0,1,77,2
31,19,J4,1,0,0,52,1
31,19,J5,1,0,1,89,2
31,20,J1,0,0,2,20,0
31,20,J2,0,0,1,29,0
31,20,J3,0,0,1,33,1
31,20,J4,0,0,0,20,0
31,20,J5,0,0,2,18,0
31,21,J1,0,0,0,24,0
31,21,J2,0,0,2,22,0
31,21,J3,0,0,0,25,0
31,21,J4,0,0,1,35,1
31,21,J5,0,0,0,15,0
31,22,J1,0,0,0,21,0
31,22,J2,0,0,1,28,0
31,22,J3,0,0,0,22,0
31,22,J4,0,0,0,19,0
31,22,J5,0,0,2,25,0
31,23,J1,0,0,1,27,0
31,23,J2,0,0,2,15,0
31,23,J3,0,0,2,15,0
31,23,J4,0,0,1,37,1
31,23,J5,0,0,0,24,0
32,0,J1,0,0,1,37,1
32,0,J2,0,0,2,24,0
32,0,J3,0,0,0,22,0
32,0,J4,0,0,1,38,1
32,0,J5,0,0,2,24,0
32,1,J1,0,0,0,20,0
32,1,J2,0,0,2,25,0
32,1,J3,0,0,0,22,0
32,1,J4,0,0,2,20,0
32,1,J5,0,0,2,18,0
32,2,J1,0,0,0,16,0
32,2,J2,0,0,0,24,0
32,2,J3,0,0,2,16,0
32,2,J4,0,0,2,18,0
32,2,J5,0,0,2,17,0
32,3,J1,0,0,2,23,0
32,3,J2,0,0,1,36,1
32,3,J3,0,0,1,41,1
32,3,J4,0,0,0,18,0
32,3,J5,0,0,0,15,0
32,4,J1,0,0,0,17,0
32,4,J2,0,0,1,40,1
32,4,J3,0,0,2,25,0
32,4,J4,0,0,1,38,1
32,4,J5,0,0,2,17,0
32,5,J1,0,0,0,22,0
32,5,J2,0,0,1,39,1
32,5,J3,0,0,1,30,1
32,5,J4,0,0,2,24,0
32,5,J5,0,0,2,25,0
32,6,J1,0,0,0,15,0
32,6,J2,0,0,0,23,0
32,6,J3,0,0,2,15,0
32,6,J4,0,0,1,33,1
32,6,J5,0,0,0,25,0
32,7,J1,0,0,0,16,0
32,7,J2,0,0,1,38,1
32,7,J3,0,0,1,41,1
32,7,J4,0,0,2,20,0
32,7,J5,0,0,2,24,0
32,8,J1,1,0,1,84,2
32,8,J2,1,0,1,68,2
32,8,J3,1,0,0,63,2
32,8,J4,1,0,0,68,2
32,8,J5,1,0,2,59,1
32,9,J1,1,0,2,54,1
32,9,J2,1,0,1,89,2
32,9,J3,1,0,0,59,1
32,9,J4,1,0,0,56,1
32,9,J5,1,0,0,56,1
32,10,J1,0,0,2,16,0
32,10,J2,0,0,0,19,0
32,10,J3,0,0,1,38,1
32,10,J4,0,0,2,20,0
32,10,J5,0,0,0,15,0
32,11,J1,0,0,0,18,0
32,11,J2,0,0,1,30,1
32,11,J3,0,0,1,32,1
32,11,J4,0,0,2,18,0
32,11,J5,0,0,0,18,0
32,12,J1,0,0,0,17,0
32,12,J2,0,0,1,26,0
32,12,J3,0,0,2,17,0
32,12,J4,0,0,1,36,1
32,12,J5,0,0,1,32,1
32,13,J1,0,0,1,33,1
32,13,J2,0,0,1,37,1
32,13,J3,0,0,2,24,0
32,13,J4,0,0,1,27,0
32,13,J5,0,0,0,17,0
32,14,J1,0,0,0,18,0
32,14,J2,0,0,2,21,0
32,14,J3,0,0,2,20,0
32,14,J4,0,0,1,40,1
32,14,J5,0,0,2,18,0
32,15,J1,0,0,0,24,0
32,15,J2,0,0,2,18,0
32,15,J3,0,0,2,19,0
32,15,J4,0,0,0,20,0
32,15,J5,0,0,0,15,0
32,16,J1,0,0,2,19,0
32,16,J2,0,0,0,23,0
32,16,J3,0,0,2,22,0
32,16,J4,0,0,0,16,0
32,16,J5,0,0,1,44,1
32,17,J1,1,0,0,58,1
32,17,J2,1,0,1,97,2
32,17,J3,1,0,1,85,2
32,17,J4,1,0,0,60,2
32,17,J5,1,0,2,74,2
32,18,J1,1,0,2,82,2
32,18,J2,1,0,1,78,2
32,18,J3,1,0,2,83,2
32,18,J4,1,0,2,49,1
32,18,J5,1,0,0,76,2
32,19,J1,1,0,1,91,2
32,19,J2,1,0,0,60,2
32,19,J3,1,0,1,80,2
32,19,J4,1,0,1,75,2
32,19,J5,1,0,0,61,2
32,20,J1,0,0,2,20,0
32,20,J2,0,0,0,24,0
32,20,J3,0,0,0,22,0
32,20,J4,0,0,2,24,0
32,20,J5,0,0,1,38,1
32,21,J1,0,0,1,37,1
32,21,J2,0,0,1,37,1
32,21,J3,0,0,1,31,1
32,21,J4,0,0,0,22,0
32,21,J5,0,0,0,19,0
32,22,J1,0,0,2,16,0
32,22,J2,0,0,1,30,1
32,22,J3,0,0,2,23,0
32,22,J4,0,0,2,25,0
32,22,J5,0,0,0,19,0
32,23,J1,0,0,0,16,0
32,23,J2,0,0,0,16,0
32,23,J3,0,0,1,33,1
32,23,J4,0,0,0,20,0
32,23,J5,0,0,0,25,0
33,0,J1,0,1,1,30,1
33,0,J2,0,1,1,16,0
33,0,J3,0,1,2,6,0
33,0,J4,0,1,0,10,0
33,0,J5,0,1,1,29,0
33,1,J1,0,1,2,17,0
33,1,J2,0,1,2,4,0
33,1,J3,0,1,1,23,0
33,1,J4,0,1,1,24,0
33,1,J5,0,1,2,10,0
33,2,J1,0,1,1,19,0
33,2,J2,0,1,1,30,1
33,2,J3,0,1,1,33,1
33,2,J4,0,1,0,3,0
33,2,J5,0,1,1,23,0
33,3,J1,0,1,1,28,0
33,3,J2,0,1,1,32,1
33,3,J3,0,1,1,16,0
33,3,J4,0,1,2,12,0
33,3,J5,0,1,0,14,0
33,4,J1,0,1,2,10,0
33,4,J2,0,1,2,10,0
33,4,J3,0,1,0,5,0
33,4,J4,0,1,2,7,0
33,4,J5,0,1,1,25,0
33,5,J1,0,1,1,27,0
33,5,J2,0,1,0,19,0
33,5,J3,0,1,2,8,0
33,5,J4,0,1,2,8,0
33,5,J5,0,1,0,11,0
33,6,J1,0,1,0,8,0
33,6,J2,0,1,0,11,0
33,6,J3,0,1,2,3,0
33,6,J4,0,1,1,23,0
33,6,J5,0,1,0,13,0
33,7,J1,0,1,1,25,0
33,7,J2,0,1,0,8,0
33,7,J3,0,1,1,18,0
33,7,J4,0,1,0,11,0
33,7,J5,0,1,1,25,0
33,8,J1,1,1,2,63,2
33,8,J2,1,1,0,53,1
33,8,J3,1,1,1,61,2
33,8,J4,1,1,0,69,2
33,8,J5,1,1,0,60,2
33,9,J1,1,1,1,62,2
33,9,J2,1,1,2,48,1
33,9,J3,1,1,1,68,2
33,9,J4,1,1,0,52,1
33,9,J5,1,1,2,64,2
33,10,J1,0,1,1,37,1
33,10,J2,0,1,0,4,0
33,10,J3,0,1,0,12,0
33,10,J4,0,1,2,6,0
33,10,J5,0,1,2,12,0
33,11,J1,0,1,1,19,0
33,11,J2,0,1,1,28,0
33,11,J3,0,1,1,21,0
33,11,J4,0,1,1,15,0
33,11,J5,0,1,1,29,0
33,12,J1,0,1,2,7,0
33,12,J2,0,1,1,22,0
33,12,J3,0,1,1,24,0
33,12,J4,0,1,0,13,0
33,12,J5,0,1,2,10,0
33,13,J1,0,1,1,28,0
33,13,J2,0,1,2,14,0
33,13,J3,0,1,0,7,0
33,13,J4,0,1,0,8,0
33,13,J5,0,1,2,11,0
33,14,J1,0,1,1,19,0
33,14,J2,0,1,0,19,0
33,14,J3,0,1,0,4,0
33,14,J4,0,1,0,8,0
33,14,J5,0,1,0,7,0
33,15,J1,0,1,2,5,0
33,15,J2,0,1,1,18,0
33,15,J3,0,1,2,10,0
33,15,J4,0,1,0,8,0
33,15,J5,0,1,1,11,0
33,16,J1,0,1,0,7,0
33,16,J2,0,1,0,8,0
33,16,J3,0,1,0,9,0
33,16,J4,0,1,1,25,0
33,16,J5,0,1,0,10,0
33,17,J1,1,1,0,56,1
33,17,J2,1,1,0,61,2
33,17,J3,1,1,1,67,2
33,17,J4,1,1,2,66,2
33,17,J5,1,1,0,67,2
33,18,J1,1,1,1,54,1
33,18,J2,1,1,1,68,2
33,18,J3,1,1,2,56,1
33,18,J4,1,1,0,52,1
33,18,J5,1,1,2,72,2
33,19,J1,1,1,2,52,1
33,19,J2,1,1,0,58,1
33,19,J3,1,1,1,54,1
33,19,J4,1,1,1,77,2
33,19,J5,1,1,2,66,2
33,20,J1,0,1,2,13,0
33,20,J2,0,1,0,5,0
33,20,J3,0,1,2,4,0
33,20,J4,0,1,1,20,0
33,20,J5,0,1,1,28,0
33,21,J1,0,1,2,15,0
33,21,J2,0,1,2,13,0
33,21,J3,0,1,0,2,0
33,21,J4,0,1,1,20,0
33,21,J5,0,1,2,9,0
33,22,J1,0,1,0,12,0
33,22,J2,0,1,1,27,0
33,22,J3,0,1,0,0,0
33,22,J4,0,1,0,8,0
33,22,J5,0,1,2,7,0
33,23,J1,0,1,1,15,0
33,23,J2,0,1,2,14,0
33,23,J3,0,1,1,22,0
33,23,J4,0,1,1,28,0
33,23,J5,0,1,0,3,0
34,0,J1,0,1,2,16,0
34,0,J2,0,1,1,25,0
34,0,J3,0,1,1,31,1
34,0,J4,0,1,1,18,0
34,0,J5,0,1,2,11,0
34,1,J1,0,1,0,11,0
34,1,J2,0,1,2,5,0
34,1,J3,0,1,0,3,0
34,1,J4,0,1,1,25,0
34,1,J5,0,1,2,10,0
34,2,J1,0,1,1,16,0
34,2,J2,0,1,1,22,0
34,2,J3,0,1,2,11,0
34,2,J4,0,1,1,22,0
34,2,J5,0,1,1,22,0
34,3,J1,0,1,1,25,0
34,3,J2,0,1,0,3,0
34,3,J3,0,1,1,29,0
34,3,J4,0,1,2,4,0
34,3,J5,0,1,2,12,0
34,4,J1,0,1,1,30,1
34,4,J2,0,1,1,27,0
34,4,J3,0,1,1,18,0
34,4,J4,0,1,2,6,0
34,4,J5,0,1,0,7,0
34,5,J1,0,1,0,7,0
34,5,J2,0,1,1,26,0
34,5,J3,0,1,2,11,0
34,5,J4,0,1,1,23,0
34,5,J5,0,1,0,4,0
34,6,J1,0,1,0,13,0
34,6,J2,0,1,0,13,0
34,6,J3,0,1,1,24,0
34,6,J4,0,1,2,5,0
34,6,J5,0,1,2,10,0
34,7,J1,0,1,2,10,0
34,7,J2,0,1,1,25,0
34,7,J3,0,1,2,0,0
34,7,J4,0,1,2,10,0
34,7,J5,0,1,0,15,0
34,8,J1,1,1,1,92,2
34,8,J2,1,1,0,60,2
34,8,J3,1,1,0,40,1
34,8,J4,1,1,2,62,2
34,8,J5,1,1,2,65,2
34,9,J1,1,1,0,64,2
34,9,J2,1,1,1,62,2
34,9,J3,1,1,2,71,2
34,9,J4,1,1,1,79,2
34,9,J5,1,1,2,55,1
34,10,J1,0,1,1,21,0
34,10,J2,0,1,0,15,0
34,10,J3,0,1,0,10,0
34,10,J4,0,1,2,12,0
34,10,J5,0,1,1,32,1
34,11,J1,0,1,0,13,0
34,11,J2,0,1,0,11,0
34,11,J3,0,1,1,15,0
34,11,J4,0,1,1,28,0
34,11,J5,0,1,0,12,0
34,12,J1,0,1,0,12,0
34,12,J2,0,1,1,22,0
34,12,J3,0,1,2,9,0
34,12,J4,0,1,1,16,0
34,12,J5,0,1,1,16,0
34,13,J1,0,1,2,14,0
34,13,J2,0,1,1,29,0
34,13,J3,0,1,0,6,0
34,13,J4,0,1,2,1,0
34,13,J5,0,1,0,15,0
34,14,J1,0,1,0,13,0
34,14,J2,0,1,2,13,0
34,14,J3,0,1,1,22,0
34,14,J4,0,1,1,20,0
34,14,J5,0,1,1,28,0
34,15,J1,0,1,1,17,0
34,15,J2,0,1,1,24,0
34,15,J3,0,1,1,24,0
34,15,J4,0,1,2,17,0
34,15,J5,0,1,1,25,0
34,16,J1,0,1,2,10,0
34,16,J2,0,1,1,32,1
34,16,J3,0,1,0,20,0
34,16,J4,0,1,1,15,0
34,16,J5,0,1,0,15,0
34,17,J1,1,1,1,65,2
34,17,J2,1,1,2,63,2
34,17,J3,1,1,1,78,2
34,17,J4,1,1,2,57,1
34,17,J5,1,1,0,68,2
34,18,J1,1,1,2,57,1
34,18,J2,1,1,0,58,1
34,18,J3,1,1,2,52,1
34,18,J4,1,1,1,84,2
34,18,J5,1,1,2,47,1
34,19,J1,1,1,0,55,1
34,19,J2,1,1,0,55,1
34,19,J3,1,1,1,83,2
34,19,J4,1,1,2,45,1
34,19,J5,1,1,2,35,1
34,20,J1,0,1,2,7,0
34,20,J2,0,1,0,8,0
34,20,J3,0,1,2,2,0
34,20,J4,0,1,2,11,0
34,20,J5,0,1,2,14,0
34,21,J1,0,1,2,8,0
34,21,J2,0,1,0,11,0
34,21,J3,0,1,0,7,0
34,21,J4,0,1,0,14,0
34,21,J5,0,1,2,4,0
34,22,J1,0,1,2,18,0
34,22,J2,0,1,1,23,0
34,22,J3,0,1,2,14,0
34,22,J4,0,1,0,9,0
34,22,J5,0,1,0,10,0
34,23,J1,0,1,1,17,0
34,23,J2,0,1,2,9,0
34,23,J3,0,1,2,8,0
34,23,J4,0,1,1,19,0
34,23,J5,0,1,1,21,0
35,0,J1,0,0,1,42,1
35,0,J2,0,0,0,24,0
35,0,J3,0,0,1,37,1
35,0,J4,0,0,2,15,0
35,0,J5,0,0,2,20,0
35,1,J1,0,0,1,34,1
35,1,J2,0,0,1,41,1
35,1,J3,0,0,2,18,0
35,1,J4,0,0,1,35,1
35,1,J5,0,0,0,20,0
35,2,J1,0,0,0,18,0
35,2,J2,0,0,2,18,0
35,2,J3,0,0,2,15,0
35,2,J4,0,0,0,22,0
35,2,J5,0,0,2,21,0
35,3,J1,0,0,1,37,1
35,3,J2,0,0,0,23,0
35,3,J3,0,0,1,36,1
35,3,J4,0,0,2,22,0
35,3,J5,0,0,1,37,1
35,4,J1,0,0,0,23,0
35,4,J2,0,0,2,19,0
35,4,J3,0,0,1,36,1
35,4,J4,0,0,1,28,0
35,4,J5,0,0,1,34,1
35,5,J1,0,0,2,19,0
35,5,J2,0,0,1,37,1
35,5,J3,0,0,2,17,0
35,5,J4,0,0,1,36,1
35,5,J5,0,0,0,18,0
35,6,J1,0,0,0,18,0
35,6,J2,0,0,2,25,0
35,6,J3,0,0,0,20,0
35,6,J4,0,0,2,24,0
35,6,J5,0,0,0,25,0
35,7,J1,0,0,0,21,0
35,7,J2,0,0,1,37,1
35,7,J3,0,0,0,16,0
35,7,J4,0,0,1,34,1
35,7,J5,0,0,0,16,0
35,8,J1,1,0,2,70,2
35,8,J2,1,0,2,60,2
35,8,J3,1,0,2,74,2
35,8,J4,1,0,0,47,1
35,8,J5,1,0,0,64,2
35,9,J1,1,0,1,88,2
35,9,J2,1,0,2,74,2
35,9,J3,1,0,2,80,2
35,9,J4,1,0,2,54,1
35,9,J5,1,0,2,61,2
35,10,J1,0,0,2,25,0
35,10,J2,0,0,1,30,1
35,10,J3,0,0,0,16,0
35,10,J4,0,0,0,16,0
35,10,J5,0,0,1,45,1
35,11,J1,0,0,2,18,0
35,11,J2,0,0,0,24,0
35,11,J3,0,0,2,24,0
35,11,J4,0,0,1,30,1
35,11,J5,0,0,2,17,0
35,12,J1,0,0,1,42,1
35,12,J2,0,0,2,21,0
35,12,J3,0,0,1,36,1
35,12,J4,0,0,0,20,0
35,12,J5,0,0,0,23,0
35,13,J1,0,0,0,21,0
35,13,J2,0,0,2,15,0
35,13,J3,0,0,1,41,1
35,13,J4,0,0,2,22,0
35,13,J5,0,0,0,23,0
35,14,J1,0,0,2,23,0
35,14,J2,0,0,2,25,0
35,14,J3,0,0,0,18,0
35,14,J4,0,0,2,16,0
35,14,J5,0,0,0,24,0
35,15,J1,0,0,2,17,0
35,15,J2,0,0,0,23,0
35,15,J3,0,0,1,31,1
35,15,J4,0,0,0,17,0
35,15,J5,0,0,2,18,0
35,16,J1,0,0,2,17,0
35,16,J2,0,0,0,23,0
35,16,J3,0,0,1,26,0
35,16,J4,0,0,0,23,0
35,16,J5,0,0,1,38,1
35,17,J1,1,0,0,68,2
35,17,J2,1,0,0,56,1
35,17,J3,1,0,0,83,2
35,17,J4,1,0,1,91,2
35,17,J5,1,0,0,70,2
35,18,J1,1,0,2,63,2
35,18,J2,1,0,1,90,2
35,18,J3,1,0,0,68,2
35,18,J4,1,0,2,71,2
35,18,J5,1,0,0,49,1
35,19,J1,1,0,0,57,1
35,19,J2,1,0,0,72,2
35,19,J3,1,0,0,68,2
35,19,J4,1,0,1,74,2
35,19,J5,1,0,0,66,2
35,20,J1,0,0,1,41,1
35,20,J2,0,0,0,21,0
35,20,J3,0,0,1,30,1
35,20,J4,0,0,2,21,0
35,20,J5,0,0,2,17,0
35,21,J1,0,0,2,18,0
35,21,J2,0,0,0,25,0
35,21,J3,0,0,2,19,0
35,21,J4,0,0,2,25,0
35,21,J5,0,0,0,20,0
35,22,J1,0,0,2,25,0
35,22,J2,0,0,2,23,0
35,22,J3,0,0,2,17,0
35,22,J4,0,0,1,32,1
35,22,J5,0,0,1,31,1
35,23,J1,0,0,2,18,0
35,23,J2,0,0,0,19,0
35,23,J3,0,0,0,23,0
35,23,J4,0,0,0,25,0
35,23,J5,0,0,2,21,0
36,0,J1,0,0,0,20,0
36,0,J2,0,0,2,16,0
36,0,J3,0,0,1,34,1
36,0,J4,0,0,0,18,0
36,0,J5,0,0,1,26,0
36,1,J1,0,0,1,34,1
36,1,J2,0,0,0,16,0
36,1,J3,0,0,0,23,0
36,1,J4,0,0,2,19,0
36,1,J5,0,0,2,22,0
36,2,J1,0,0,0,23,0
36,2,J2,0,0,1,38,1
36,2,J3,0,0,2,19,0
36,2,J4,0,0,2,16,0
36,2,J5,0,0,0,17,0
36,3,J1,0,0,1,33,1
36,3,J2,0,0,1,43,1
36,3,J3,0,0,2,24,0
36,3,J4,0,0,1,41,1
36,3,J5,0,0,0,19,0
36,4,J1,0,0,0,25,0
36,4,J2,0,0,2,17,0
36,4,J3,0,0,2,17,0
36,4,J4,0,0,0,21,0
36,4,J5,0,0,2,19,0
36,5,J1,0,0,0,25,0
36,5,J2,0,0,1,38,1
36,5,J3,0,0,2,21,0
36,5,J4,0,0,2,22,0
36,5,J5,0,0,0,22,0
36,6,J1,0,0,1,40,1
36,6,J2,0,0,1,35,1
36,6,J3,0,0,2,18,0
36,6,J4,0,0,1,36,1
36,6,J5,0,0,1,36,1
36,7,J1,0,0,0,25,0
36,7,J2,0,0,0,16,0
36,7,J3,0,0,2,18,0
36,7,J4,0,0,0,17,0
36,7,J5,0,0,2,15,0
36,8,J1,1,0,0,72,2
36,8,J2,1,0,2,81,2
36,8,J3,1,0,0,81,2
36,8,J4,1,0,2,63,2
36,8,J5,1,0,1,88,2
36,9,J1,1,0,2,81,2
36,9,J2,1,0,2,54,1
36,9,J3,1,0,0,67,2
36,9,J4,1,0,2,51,1
36,9,J5,1,0,2,67,2
36,10,J1,0,0,0,25,0
36,10,J2,0,0,2,25,0
36,10,J3,0,0,2,15,0
36,10,J4,0,0,2,22,0
36,10,J5,0,0,0,25,0
36,11,J1,0,0,2,18,0
36,11,J2,0,0,0,16,0
36,11,J3,0,0,1,35,1
36,11,J4,0,0,1,31,1
36,11,J5,0,0,1,33,1
36,12,J1,0,0,1,31,1
36,12,J2,0,0,2,18,0
36,12,J3,0,0,2,16,0
36,12,J4,0,0,1,36,1
36,12,J5,0,0,1,32,1
36,13,J1,0,0,0,25,0
36,13,J2,0,0,2,21,0
36,13,J3,0,0,0,19,0
36,13,J4,0,0,2,23,0
36,13,J5,0,0,0,22,0
36,14,J1,0,0,2,22,0
36,14,J2,0,0,0,20,0
36,14,J3,0,0,0,24,0
36,14,J4,0,0,1,34,1
36,14,J5,0,0,1,26,0
36,15,J1,0,0,1,33,1
36,15,J2,0,0,1,26,0
36,15,J3,0,0,1,35,1
36,15,J4,0,0,0,23,0
36,15,J5,0,0,2,17,0
36,16,J1,0,0,1,33,1
36,16,J2,0,0,0,17,0
36,16,J3,0,0,2,19,0
36,16,J4,0,0,0,22,0
36,16,J5,0,0,1,34,1
36,17,J1,1,0,1,78,2
36,17,J2,1,0,1,75,2
36,17,J3,1,0,1,67,2
36,17,J4,1,0,2,58,1
36,17,J5,1,0,1,87,2
36,18,J1,1,0,0,54,1
36,18,J2,1,0,0,63,2
36,18,J3,1,0,2,55,1
36,18,J4,1,0,0,69,2
36,18,J5,1,0,1,99,2
36,19,J1,1,0,0,65,2
36,19,J2,1,0,2,70,2
36,19,J3,1,0,2,54,1
36,19,J4,1,0,1,79,2
36,19,J5,1,0,0,76,2
36,20,J1,0,0,0,17,0
36,20,J2,0,0,0,20,0
36,20,J3,0,0,2,15,0
36,20,J4,0,0,2,18,0
36,20,J5,0,0,0,25,0
36,21,J1,0,0,1,40,1
36,21,J2,0,0,2,15,0
36,21,J3,0,0,1,36,1
36,21,J4,0,0,1,33,1
36,21,J5,0,0,1,37,1
36,22,J1,0,0,0,23,0
36,22,J2,0,0,0,18,0
36,22,J3,0,0,1,30,1
36,22,J4,0,0,2,18,0
36,22,J5,0,0,2,21,0
36,23,J1,0,0,0,22,0
36,23,J2,0,0,2,16,0
36,23,J3,0,0,2,23,0
36,23,J4,0,0,2,17,0
36,23,J5,0,0,0,24,0
37,0,J1,0,0,2,25,0
37,0,J2,0,0,0,18,0
37,0,J3,0,0,0,17,0
37,0,J4,0,0,1,29,0
37,0,J5,0,0,0,17,0
37,1,J1,0,0,1,34,1
37,1,J2,0,0,0,16,0
37,1,J3,0,0,0,21,0
37,1,J4,0,0,1,37,1
37,1,J5,0,0,2,25,0
37,2,J1,0,0,0,18,0
37,2,J2,0,0,1,38,1
37,2,J3,0,0,0,23,0
37,2,J4,0,0,1,35,1
37,2,J5,0,0,1,30,1
37,3,J1,0,0,1,34,1
37,3,J2,0,0,2,21,0
37,3,J3,0,0,0,20,0
37,3,J4,0,0,0,17,0
37,3,J5,0,0,0,15,0
37,4,J1,0,0,0,25,0
37,4,J2,0,0,2,20,0
37,4,J3,0,0,0,19,0
37,4,J4,0,0,1,38,1
37,4,J5,0,0,0,21,0
37,5,J1,0,0,0,19,0
37,5,J2,0,0,1,35,1
37,5,J3,0,0,1,27,0
37,5,J4,0,0,2,15,0
37,5,J5,0,0,2,23,0
37,6,J1,0,0,0,20,0
37,6,J2,0,0,1,39,1
37,6,J3,0,0,2,24,0
37,6,J4,0,0,1,38,1
37,6,J5,0,0,1,37,1
37,7,J1,0,0,1,27,0
37,7,J2,0,0,0,25,0
37,7,J3,0,0,2,24,0
37,7,J4,0,0,0,15,0
37,7,J5,0,0,2,25,0
37,8,J1,1,0,0,58,1
37,8,J2,1,0,0,55,1
37,8,J3,1,0,2,59,1
37,8,J4,1,0,2,63,2
37,8,J5,1,0,2,70,2
37,9,J1,1,0,0,52,1
37,9,J2,1,0,1,84,2
37,9,J3,1,0,1,95,2
37,9,J4,1,0,2,68,2
37,9,J5,1,0,1,70,2
37,10,J1,0,0,2,23,0
37,10,J2,0,0,0,17,0
37,10,J3,0,0,2,19,0
37,10,J4,0,0,2,17,0
37,10,J5,0,0,1,34,1
37,11,J1,0,0,0,18,0
37,11,J2,0,0,2,21,0
37,11,J3,0,0,1,43,1
37,11,J4,0,0,2,16,0
37,11,J5,0,0,0,22,0
37,12,J1,0,0,2,21,0
37,12,J2,0,0,2,21,0
37,12,J3,0,0,1,38,1
37,12,J4,0,0,0,17,0
37,12,J5,0,0,0,17,0
37,13,J1,0,0,2,18,0
37,13,J2,0,0,2,15,0
37,13,J3,0,0,2,22,0
37,13,J4,0,0,2,23,0
37,13,J5,0,0,1,32,1
37,14,J1,0,0,1,37,1
37,14,J2,0,0,0,17,0
37,14,J3,0,0,0,15,0
37,14,J4,0,0,2,18,0
37,14,J5,0,0,1,35,1
37,15,J1,0,0,0,19,0
37,15,J2,0,0,0,19,0
37,15,J3,0,0,0,25,0
37,15,J4,0,0,0,18,0
37,15,J5,0,0,2,16,0
37,16,J1,0,0,0,25,0
37,16,J2,0,0,1,44,1
37,16,J3,0,0,1,31,1
37,16,J4,0,0,2,23,0
37,16,J5,0,0,1,33,1
37,17,J1,1,0,2,59,1
37,17,J2,1,0,0,65,2
37,17,J3,1,0,1,68,2
37,17,J4,1,0,1,73,2
37,17,J5,1,0,2,54,1
37,18,J1,1,0,2,63,2
37,18,J2,1,0,2,72,2
37,18,J3,1,0,0,78,2
37,18,J4,1,0,0,59,1
37,18,J5,1,0,0,73,2
37,19,J1,1,0,1,69,2
37,19,J2,1,0,2,74,2
37,19,J3,1,0,1,67,2
37,19,J4,1,0,1,69,2
37,19,J5,1,0,0,60,2
37,20,J1,0,0,1,37,1
37,20,J2,0,0,1,29,0
37,20,J3,0,0,0,17,0
37,20,J4,0,0,1,44,1
37,20,J5,0,0,0,16,0
37,21,J1,0,0,0,16,0
37,21,J2,0,0,1,35,1
37,21,J3,0,0,2,21,0
37,21,J4,0,0,0,23,0
37,21,J5,0,0,0,15,0
37,22,J1,0,0,2,16,0
37,22,J2,0,0,1,31,1
37,22,J3,0,0,0,15,0
37,22,J4,0,0,2,15,0
37,22,J5,0,0,0,18,0
37,23,J1,0,0,0,19,0
37,23,J2,0,0,0,25,0
37,23,J3,0,0,2,15,0
37,23,J4,0,0,0,16,0
37,23,J5,0,0,2,20,0
38,0,J1,0,0,2,16,0
38,0,J2,0,0,0,17,0
38,0,J3,0,0,1,41,1
38,0,J4,0,0,0,19,0
38,0,J5,0,0,1,34,1
38,1,J1,0,0,0,15,0
38,1,J2,0,0,2,19,0
38,1,J3,0,0,2,23,0
38,1,J4,0,0,0,15,0
38,1,J5,0,0,0,16,0
38,2,J1,0,0,2,19,0
38,2,J2,0,0,0,23,0
38,2,J3,0,0,1,27,0
38,2,J4,0,0,0,15,0
38,2,J5,0,0,0,21,0
38,3,J1,0,0,1,32,1
38,3,J2,0,0,2,19,0
38,3,J3,0,0,0,25,0
38,3,J4,0,0,1,36,1
38,3,J5,0,0,1,28,0
38,4,J1,0,0,0,16,0
38,4,J2,0,0,1,31,1
38,4,J3,0,0,2,20,0
38,4,J4,0,0,0,20,0
38,4,J5,0,0,0,15,0
38,5,J1,0,0,2,17,0
38,5,J2,0,0,0,21,0
38,5,J3,0,0,2,20,0
38,5,J4,0,0,2,17,0
38,5,J5,0,0,2,21,0
38,6,J1,0,0,0,25,0
38,6,J2,0,0,2,19,0
38,6,J3,0,0,2,19,0
38,6,J4,0,0,1,30,1
38,6,J5,0,0,1,40,1
38,7,J1,0,0,1,26,0
38,7,J2,0,0,0,25,0
38,7,J3,0,0,0,20,0
38,7,J4,0,0,0,21,0
38,7,J5,0,0,1,33,1
38,8,J1,1,0,0,69,2
38,8,J2,1,0,2,55,1
38,8,J3,1,0,0,57,1
38,8,J4,1,0,0,75,2
38,8,J5,1,0,1,78,2
38,9,J1,1,0,1,92,2
38,9,J2,1,0,2,57,1
38,9,J3,1,0,2,77,2
38,9,J4,1,0,1,83,2
38,9,J5,1,0,2,69,2
38,10,J1,0,0,2,23,0
38,10,J2,0,0,0,21,0
38,10,J3,0,0,0,24,0
38,10,J4,0,0,2,21,0
38,10,J5,0,0,2,24,0
38,11,J1,0,0,2,18,0
38,11,J2,0,0,2,16,0
38,11,J3,0,0,0,20,0
38,11,J4,0,0,0,18,0
38,11,J5,0,0,0,20,0
38,12,J1,0,0,2,22,0
38,12,J2,0,0,0,16,0
38,12,J3,0,0,0,20,0
38,12,J4,0,0,1,31,1
38,12,J5,0,0,1,35,1
38,13,J1,0,0,1,31,1
38,13,J2,0,0,0,15,0
38,13,J3,0,0,2,17,0
38,13,J4,0,0,0,17,0
38,13,J5,0,0,1,31,1
38,14,J1,0,0,1,26,0
38,14,J2,0,0,2,24,0
38,14,J3,0,0,0,22,0
38,14,J4,0,0,2,17,0
38,14,J5,0,0,0,17,0
38,15,J1,0,0,1,28,0
38,15,J2,0,0,0,16,0
38,15,J3,0,0,0,24,0
38,15,J4,0,0,1,29,0
38,15,J5,0,0,1,35,1
38,16,J1,0,0,2,19,0
38,16,J2,0,0,1,36,1
38,16,J3,0,0,1,35,1
38,16,J4,0,0,1,28,0
38,16,J5,0,0,0,25,0
38,17,J1,1,0,0,66,2
38,17,J2,1,0,2,50,1
38,17,J3,1,0,1,97,2
38,17,J4,1,0,1,85,2
38,17,J5,1,0,2,57,1
38,18,J1,1,0,1,90,2
38,18,J2,1,0,0,67,2
38,18,J3,1,0,0,71,2
38,18,J4,1,0,1,77,2
38,18,J5,1,0,1,77,2
38,19,J1,1,0,0,78,2
38,19,J2,1,0,1,85,2
38,19,J3,1,0,1,89,2
38,19,J4,1,0,0,75,2
38,19,J5,1,0,2,61,2
38,20,J1,0,0,1,27,0
38,20,J2,0,0,0,20,0
38,20,J3,0,0,2,20,0
38,20,J4,0,0,0,18,0
38,20,J5,0,0,1,35,1
38,21,J1,0,0,0,16,0
38,21,J2,0,0,0,24,0
38,21,J3,0,0,0,19,0
38,21,J4,0,0,0,23,0
38,21,J5,0,0,0,25,0
38,22,J1,0,0,0,18,0
38,22,J2,0,0,1,35,1
38,22,J3,0,0,2,15,0
38,22,J4,0,0,2,22,0
38,22,J5,0,0,0,15,0
38,23,J1,0,0,1,30,1
38,23,J2,0,0,0,20,0
38,23,J3,0,0,1,39,1
38,23,J4,0,0,0,20,0
38,23,J5,0,0,1,32,1
39,0,J1,0,0,2,25,0
39,0,J2,0,0,0,20,0
39,0,J3,0,0,1,34,1
39,0,J4,0,0,2,17,0
39,0,J5,0,0,0,24,0
39,1,J1,0,0,1,41,1
39,1,J2,0,0,0,19,0
39,1,J3,0,0,0,17,0
39,1,J4,0,0,2,22,0
39,1,J5,0,0,0,25,0
39,2,J1,0,0,0,18,0
39,2,J2,0,0,0,25,0
39,2,J3,0,0,2,17,0
39,2,J4,0,0,2,17,0
39,2,J5,0,0,2,23,0
39,3,J1,0,0,2,24,0
39,3,J2,0,0,2,23,0
39,3,J3,0,0,1,34,1
39,3,J4,0,0,1,34,1
39,3,J5,0,0,2,21,0
39,4,J1,0,0,0,25,0
39,4,J2,0,0,1,31,1
39,4,J3,0,0,2,24,0
39,4,J4,0,0,0,17,0
39,4,J5,0,0,2,25,0
39,5,J1,0,0,1,26,0
39,5,J2,0,0,0,19,0
39,5,J3,0,0,2,16,0
39,5,J4,0,0,1,33,1
39,5,J5,0,0,1,31,1
39,6,J1,0,0,0,16,0
39,6,J2,0,0,1,39,1
39,6,J3,0,0,1,27,0
39,6,J4,0,0,0,22,0
39,6,J5,0,0,1,36,1
39,7,J1,0,0,1,37,1
39,7,J2,0,0,0,24,0
39,7,J3,0,0,1,30,1
39,7,J4,0,0,1,37,1
39,7,J5,0,0,2,25,0
39,8,J1,1,0,0,64,2
39,8,J2,1,0,2,81,2
39,8,J3,1,0,1,77,2
39,8,J4,1,0,1,82,2
39,8,J5,1,0,2,55,1
39,9,J1,1,0,2,49,1
39,9,J2,1,0,2,79,2
39,9,J3,1,0,0,50,1
39,9,J4,1,0,1,78,2
39,9,J5,1,0,1,86,2
39,10,J1,0,0,1,42,1
39,10,J2,0,0,0,20,0
39,10,J3,0,0,1,42,1
39,10,J4,0,0,2,22,0
39,10,J5,0,0,0,16,0
39,11,J1,0,0,0,16,0
39,11,J2,0,0,1,34,1
39,11,J3,0,0,1,31,1
39,11,J4,0,0,1,39,1
39,11,J5,0,0,1,35,1
39,12,J1,0,0,0,19,0
39,12,J2,0,0,1,33,1
39,12,J3,0,0,0,22,0
39,12,J4,0,0,0,25,0
39,12,J5,0,0,0,20,0
39,13,J1,0,0,2,15,0
39,13,J2,0,0,2,21,0
39,13,J3,0,0,0,20,0
39,13,J4,0,0,1,35,1
39,13,J5,0,0,0,18,0
39,14,J1,0,0,0,25,0
39,14,J2,0,0,1,33,1
39,14,J3,0,0,2,17,0
39,14,J4,0,0,0,17,0
39,14,J5,0,0,0,19,0
39,15,J1,0,0,1,30,1
39,15,J2,0,0,2,22,0
39,15,J3,0,0,1,36,1
39,15,J4,0,0,2,19,0
39,15,J5,0,0,0,15,0
39,16,J1,0,0,0,21,0
39,16,J2,0,0,1,31,1
39,16,J3,0,0,0,20,0
39,16,J4,0,0,1,39,1
39,16,J5,0,0,2,17,0
39,17,J1,1,0,2,63,2
39,17,J2,1,0,2,69,2
39,17,J3,1,0,0,71,2
39,17,J4,1,0,0,57,1
39,17,J5,1,0,2,66,2
39,18,J1,1,0,1,81,2
39,18,J2,1,0,0,80,2
39,18,J3,1,0,0,65,2
39,18,J4,1,0,0,80,2
39,18,J5,1,0,1,71,2
39,19,J1,1,0,1,97,2
39,19,J2,1,0,1,85,2
39,19,J3,1,0,0,54,1
39,19,J4,1,0,1,87,2
39,19,J5,1,0,2,60,2
39,20,J1,0,0,1,31,1
39,20,J2,0,0,2,24,0
39,20,J3,0,0,0,20,0
39,20,J4,0,0,1,29,0
39,20,J5,0,0,1,34,1
39,21,J1,0,0,2,22,0
39,21,J2,0,0,2,22,0
39,21,J3,0,0,1,36,1
39,21,J4,0,0,1,39,1
39,21,J5,0,0,2,20,0
39,22,J1,0,0,0,17,0
39,22,J2,0,0,1,36,1
39,22,J3,0,0,0,23,0
39,22,J4,0,0,2,17,0
39,22,J5,0,0,2,21,0
39,23,J1,0,0,1,39,1
39,23,J2,0,0,2,25,0
39,23,J3,0,0,1,39,1
39,23,J4,0,0,2,24,0
39,23,J5,0,0,0,16,0
40,0,J1,0,1,0,19,0
40,0,J2,0,1,0,7,0
40,0,J3,0,1,0,12,0
40,0,J4,0,1,2,19,0
40,0,J5,0,1,1,19,0
40,1,J1,0,1,2,12,0
40,1,J2,0,1,0,14,0
40,1,J3,0,1,2,5,0
40,1,J4,0,1,0,4,0
40,1,J5,0,1,1,31,1
40,2,J1,0,1,2,4,0
40,2,J2,0,1,1,19,0
40,2,J3,0,1,1,30,1
40,2,J4,0,1,1,27,0
40,2,J5,0,1,1,20,0
40,3,J1,0,1,0,13,0
40,3,J2,0,1,2,6,0
40,3,J3,0,1,1,19,0
40,3,J4,0,1,0,8,0
40,3,J5,0,1,0,11,0
40,4,J1,0,1,1,17,0
40,4,J2,0,1,0,6,0
40,4,J3,0,1,2,14,0
40,4,J4,0,1,1,32,1
40,4,J5,0,1,0,11,0
40,5,J1,0,1,2,19,0
40,5,J2,0,1,2,14,0
40,5,J3,0,1,1,31,1
40,5,J4,0,1,0,10,0
40,5,J5,0,1,0,4,0
40,6,J1,0,1,2,3,0
40,6,J2,0,1,0,9,0
40,6,J3,0,1,0,7,0
40,6,J4,0,1,0,15,0
40,6,J5,0,1,2,5,0
40,7,J1,0,1,0,17,0
40,7,J2,0,1,0,9,0
40,7,J3,0,1,2,13,0
40,7,J4,0,1,1,34,1
40,7,J5,0,1,0,18,0
40,8,J1,1,1,0,52,1
40,8,J2,1,1,0,46,1
40,8,J3,1,1,0,44,1
40,8,J4,1,1,0,48,1
40,8,J5,1,1,1,77,2
40,9,J1,1,1,1,70,2
40,9,J2,1,1,1,92,2
40,9,J3,1,1,2,52,1
40,9,J4,1,1,2,64,2
40,9,J5,1,1,0,51,1
40,10,J1,0,1,2,11,0
40,10,J2,0,1,2,11,0
40,10,J3,0,1,1,27,0
40,10,J4,0,1,2,2,0
40,10,J5,0,1,0,6,0
40,11,J1,0,1,0,16,0
40,11,J2,0,1,0,2,0
40,11,J3,0,1,2,4,0
40,11,J4,0,1,0,6,0
40,11,J5,0,1,0,15,0
40,12,J1,0,1,0,8,0
40,12,J2,0,1,2,12,0
40,12,J3,0,1,1,25,0
40,12,J4,0,1,1,22,0
40,12,J5,0,1,1,29,0
40,13,J1,0,1,1,21,0
40,13,J2,0,1,0,4,0
40,13,J3,0,1,1,21,0
40,13,J4,0,1,1,26,0
40,13,J5,0,1,1,30,1
40,14,J1,0,1,2,11,0
40,14,J2,0,1,2,18,0
40,14,J3,0,1,1,32,1
40,14,J4,0,1,1,16,0
40,14,J5,0,1,1,30,1
40,15,J1,0,1,1,27,0
40,15,J2,0,1,2,8,0
40,15,J3,0,1,1,27,0
40,15,J4,0,1,0,11,0
40,15,J5,0,1,0,8,0
40,16,J1,0,1,0,17,0
40,16,J2,0,1,1,28,0
40,16,J3,0,1,0,15,0
40,16,J4,0,1,2,15,0
40,16,J5,0,1,0,12,0
40,17,J1,1,1,1,74,2
40,17,J2,1,1,1,73,2
40,17,J3,1,1,0,39,1
40,17,J4,1,1,2,50,1
40,17,J5,1,1,2,64,2
40,18,J1,1,1,2,63,2
40,18,J2,1,1,1,66,2
40,18,J3,1,1,1,50,1
40,18,J4,1,1,0,61,2
40,18,J5,1,1,1,80,2
40,19,J1,1,1,0,59,1
40,19,J2,1,1,2,37,1
40,19,J3,1,1,0,60,2
40,19,J4,1,1,2,61,2
40,19,J5,1,1,1,76,2
40,20,J1,0,1,0,8,0
40,20,J2,0,1,1,26,0
40,20,J3,0,1,0,7,0
40,20,J4,0,1,1,35,1
40,20,J5,0,1,1,30,1
40,21,J1,0,1,0,14,0
40,21,J2,0,1,0,13,0
40,21,J3,0,1,0,12,0
40,21,J4,0,1,0,11,0
40,21,J5,0,1,0,9,0
40,22,J1,0,1,0,13,0
40,22,J2,0,1,0,14,0
40,22,J3,0,1,0,9,0
40,22,J4,0,1,1,22,0
40,22,J5,0,1,2,7,0
40,23,J1,0,1,1,29,0
40,23,J2,0,1,1,24,0
40,23,J3,0,1,0,7,0
40,23,J4,0,1,2,13,0
40,23,J5,0,1,0,10,0
41,0,J1,0,1,0,8,0
41,0,J2,0,1,2,7,0
41,0,J3,0,1,1,25,0
41,0,J4,0,1,1,28,0
41,0,J5,0,1,2,17,0
41,1,J1,0,1,2,8,0
41,1,J2,0,1,0,3,0
41,1,J3,0,1,0,20,0
41,1,J4,0,1,0,9,0
41,1,J5,0,1,0,4,0
41,2,J1,0,1,1,22,0
41,2,J2,0,1,2,9,0
41,2,J3,0,1,2,13,0
41,2,J4,0,1,0,3,0
41,2,J5,0,1,0,12,0
41,3,J1,0,1,1,26,0
41,3,J2,0,1,0,7,0
41,3,J3,0,1,0,12,0
41,3,J4,0,1,0,4,0
41,3,J5,0,1,2,1,0
41,4,J1,0,1,0,4,0
41,4,J2,0,1,2,12,0
41,4,J3,0,1,0,5,0
41,4,J4,0,1,1,23,0
41,4,J5,0,1,2,8,0
41,5,J1,0,1,1,14,0
41,5,J2,0,1,1,25,0
41,5,J3,0,1,1,30,1
41,5,J4,0,1,1,17,0
41,5,J5,0,1,1,31,1
41,6,J1,0,1,1,27,0
41,6,J2,0,1,0,6,0
41,6,J3,0,1,2,14,0
41,6,J4,0,1,2,11,0
41,6,J5,0,1,1,11,0
41,7,J1,0,1,2,8,0
41,7,J2,0,1,0,9,0
41,7,J3,0,1,0,5,0
41,7,J4,0,1,0,17,0
41,7,J5,0,1,0,9,0
41,8,J1,1,1,2,62,2
41,8,J2,1,1,1,59,1
41,8,J3,1,1,0,47,1
41,8,J4,1,1,2,44,1
41,8,J5,1,1,2,41,1
41,9,J1,1,1,2,67,2
41,9,J2,1,1,2,48,1
41,9,J3,1,1,1,72,2
41,9,J4,1,1,1,83,2
41,9,J5,1,1,2,54,1
41,10,J1,0,1,0,12,0
41,10,J2,0,1,0,18,0
41,10,J3,0,1,0,6,0
41,10,J4,0,1,1,36,1
41,10,J5,0,1,0,4,0
41,11,J1,0,1,0,19,0
41,11,J2,0,1,2,9,0
41,11,J3,0,1,2,4,0
41,11,J4,0,1,0,10,0
41,11,J5,0,1,1,25,0
41,12,J1,0,1,2,13,0
41,12,J2,0,1,1,27,0
41,12,J3,0,1,1,32,1
41,12,J4,0,1,1,27,0
41,12,J5,0,1,2,4,0
41,13,J1,0,1,1,32,1
41,13,J2,0,1,0,14,0
41,13,J3,0,1,0,2,0
41,13,J4,0,1,1,30,1
41,13,J5,0,1,2,9,0
41,14,J1,0,1,0,12,0
41,14,J2,0,1,1,33,1
41,14,J3,0,1,2,8,0
41,14,J4,0,1,1,30,1
41,14,J5,0,1,2,10,0
41,15,J1,0,1,1,27,0
41,15,J2,0,1,1,32,1
41,15,J3,0,1,2,14,0
41,15,J4,0,1,0,11,0
41,15,J5,0,1,2,9,0
41,16,J1,0,1,0,17,0
41,16,J2,0,1,2,15,0
41,16,J3,0,1,2,16,0
41,16,J4,0,1,1,31,1
41,16,J5,0,1,0,13,0
41,17,J1,1,1,1,63,2
41,17,J2,1,1,0,51,1
41,17,J3,1,1,0,38,1
41,17,J4,1,1,0,58,1
41,17,J5,1,1,0,39,1
41,18,J1,1,1,1,84,2
41,18,J2,1,1,2,47,1
41,18,J3,1,1,0,66,2
41,18,J4,1,1,2,72,2
41,18,J5,1,1,0,39,1
41,19,J1,1,1,0,65,2
41,19,J2,1,1,1,72,2
41,19,J3,1,1,1,80,2
41,19,J4,1,1,1,69,2
41,19,J5,1,1,2,65,2
41,20,J1,0,1,0,12,0
41,20,J2,0,1,0,10,0
41,20,J3,0,1,0,15,0
41,20,J4,0,1,2,11,0
41,20,J5,0,1,0,10,0
41,21,J1,0,1,0,16,0
41,21,J2,0,1,1,27,0
41,21,J3,0,1,2,12,0
41,21,J4,0,1,1,25,0
41,21,J5,0,1,1,35,1
41,22,J1,0,1,0,5,0
41,22,J2,0,1,0,5,0
41,22,J3,0,1,0,9,0
41,22,J4,0,1,1,21,0
41,22,J5,0,1,2,6,0
41,23,J1,0,1,1,26,0
41,23,J2,0,1,0,11,0
41,23,J3,0,1,1,19,0
41,23,J4,0,1,1,34,1
41,23,J5,0,1,2,13,0
42,0,J1,0,0,2,22,0
42,0,J2,0,0,2,20,0
42,0,J3,0,0,0,16,0
42,0,J4,0,0,2,24,0
42,0,J5,0,0,2,23,0
42,1,J1,0,0,2,15,0
42,1,J2,0,0,2,18,0
42,1,J3,0,0,2,17,0
42,1,J4,0,0,2,22,0
42,1,J5,0,0,0,18,0
42,2,J1,0,0,2,25,0
42,2,J2,0,0,0,19,0
42,2,J3,0,0,2,19,0
42,2,J4,0,0,2,15,0
42,2,J5,0,0,1,37,1
42,3,J1,0,0,0,16,0
42,3,J2,0,0,0,17,0
42,3,J3,0,0,2,16,0
42,3,J4,0,0,2,16,0
42,3,J5,0,0,0,18,0
42,4,J1,0,0,0,22,0
42,4,J2,0,0,0,23,0
42,4,J3,0,0,1,31,1
42,4,J4,0,0,0,19,0
42,4,J5,0,0,1,34,1
42,5,J1,0,0,0,23,0
42,5,J2,0,0,1,44,1
42,5,J3,0,0,1,44,1
42,5,J4,0,0,0,21,0
42,5,J5,0,0,0,25,0
42,6,J1,0,0,0,17,0
42,6,J2,0,0,0,25,0
42,6,J3,0,0,0,17,0
42,6,J4,0,0,2,23,0
42,6,J5,0,0,0,22,0
42,7,J1,0,0,1,33,1
42,7,J2,0,0,2,16,0
42,7,J3,0,0,2,22,0
42,7,J4,0,0,1,39,1
42,7,J5,0,0,1,32,1
42,8,J1,1,0,1,76,2
42,8,J2,1,0,0,61,2
42,8,J3,1,0,0,69,2
42,8,J4,1,0,0,67,2
42,8,J5,1,0,0,75,2
42,9,J1,1,0,2,71,2
42,9,J2,1,0,0,79,2
42,9,J3,1,0,0,66,2
42,9,J4,1,0,1,62,2
42,9,J5,1,0,2,80,2
42,10,J1,0,0,0,20,0
42,10,J2,0,0,2,23,0
42,10,J3,0,0,1,34,1
42,10,J4,0,0,0,25,0
42,10,J5,0,0,0,20,0
42,11,J1,0,0,2,24,0
42,11,J2,0,0,1,34,1
42,11,J3,0,0,1,39,1
42,11,J4,0,0,1,36,1
42,11,J5,0,0,1,38,1
42,12,J1,0,0,2,25,0
42,12,J2,0,0,0,24,0
42,12,J3,0,0,2,23,0
42,12,J4,0,0,2,23,0
42,12,J5,0,0,1,32,1
42,13,J1,0,0,2,24,0
42,13,J2,0,0,1,43,1
42,13,J3,0,0,1,26,0
42,13,J4,0,0,0,17,0
42,13,J5,0,0,0,16,0
42,14,J1,0,0,2,16,0
42,14,J2,0,0,1,42,1
42,14,J3,0,0,1,31,1
42,14,J4,0,0,0,17,0
42,14,J5,0,0,2,21,0
42,15,J1,0,0,1,26,0
42,15,J2,0,0,2,19,0
42,15,J3,0,0,0,15,0
42,15,J4,0,0,2,16,0
42,15,J5,0,0,1,39,1
42,16,J1,0,0,2,15,0
42,16,J2,0,0,0,20,0
42,16,J3,0,0,0,22,0
42,16,J4,0,0,1,37,1
42,16,J5,0,0,2,23,0
42,17,J1,1,0,0,55,1
42,17,J2,1,0,1,83,2
42,17,J3,1,0,0,53,1
42,17,J4,1,0,1,92,2
42,17,J5,1,0,0,63,2
42,18,J1,1,0,2,85,2
42,18,J2,1,0,0,51,1
42,18,J3,1,0,0,73,2
42,18,J4,1,0,1,94,2
42,18,J5,1,0,2,73,2
42,19,J1,1,0,1,80,2
42,19,J2,1,0,2,63,2
42,19,J3,1,0,0,70,2
42,19,J4,1,0,2,61,2
42,19,J5,1,0,2,81,2
42,20,J1,0,0,0,16,0
42,20,J2,0,0,1,41,1
42,20,J3,0,0,1,35,1
42,20,J4,0,0,0,17,0
42,20,J5,0,0,2,19,0
42,21,J1,0,0,0,16,0
42,21,J2,0,0,1,28,0
42,21,J3,0,0,2,23,0
42,21,J4,0,0,1,28,0
42,21,J5,0,0,1,35,1
42,22,J1,0,0,2,20,0
42,22,J2,0,0,0,17,0
42,22,J3,0,0,1,34,1
42,22,J4,0,0,2,18,0
42,22,J5,0,0,2,24,0
42,23,J1,0,0,2,19,0
42,23,J2,0,0,1,34,1
42,23,J3,0,0,2,16,0
42,23,J4,0,0,2,22,0
42,23,J5,0,0,1,35,1
43,0,J1,0,0,0,20,0
43,0,J2,0,0,1,32,1
43,0,J3,0,0,1,27,0
43,0,J4,0,0,0,23,0
43,0,J5,0,0,2,20,0
43,1,J1,0,0,2,15,0
43,1,J2,0,0,0,22,0
43,1,J3,0,0,0,24,0
43,1,J4,0,0,2,15,0
43,1,J5,0,0,1,32,1
43,2,J1,0,0,2,24,0
43,2,J2,0,0,0,23,0
43,2,J3,0,0,1,31,1
43,2,J4,0,0,2,15,0
43,2,J5,0,0,0,15,0
43,3,J1,0,0,1,36,1
43,3,J2,0,0,2,20,0
43,3,J3,0,0,1,36,1
43,3,J4,0,0,0,15,0
43,3,J5,0,0,0,15,0
43,4,J1,0,0,0,23,0
43,4,J2,0,0,2,21,0
43,4,J3,0,0,2,25,0
43,4,J4,0,0,2,15,0
43,4,J5,0,0,2,22,0
43,5,J1,0,0,0,21,0
43,5,J2,0,0,1,33,1
43,5,J3,0,0,2,21,0
43,5,J4,0,0,2,17,0
43,5,J5,0,0,0,22,0
43,6,J1,0,0,0,24,0
43,6,J2,0,0,1,33,1
43,6,J3,0,0,1,31,1
43,6,J4,0,0,0,18,0
43,6,J5,0,0,0,24,0
43,7,J1,0,0,0,18,0
43,7,J2,0,0,1,42,1
43,7,J3,0,0,0,15,0
43,7,J4,0,0,2,18,0
43,7,J5,0,0,0,16,0
43,8,J1,1,0,0,56,1
43,8,J2,1,0,0,54,1
43,8,J3,1,0,1,85,2
43,8,J4,1,0,0,56,1
43,8,J5,1,0,2,64,2
43,9,J1,1,0,2,58,1
43,9,J2,1,0,0,51,1
43,9,J3,1,0,2,58,1
43,9,J4,1,0,2,73,2
43,9,J5,1,0,0,63,2
43,10,J1,0,0,1,37,1
43,10,J2,0,0,2,18,0
43,10,J3,0,0,2,19,0
43,10,J4,0,0,1,41,1
43,10,J5,0,0,0,15,0
43,11,J1,0,0,1,40,1
43,11,J2,0,0,1,30,1
43,11,J3,0,0,0,17,0
43,11,J4,0,0,2,18,0
43,11,J5,0,0,1,36,1
43,12,J1,0,0,0,20,0
43,12,J2,0,0,2,17,0
43,12,J3,0,0,0,18,0
43,12,J4,0,0,2,22,0
43,12,J5,0,0,2,22,0
43,13,J1,0,0,0,15,0
43,13,J2,0,0,1,29,0
43,13,J3,0,0,1,40,1
43,13,J4,0,0,1,26,0
43,13,J5,0,0,1,40,1
43,14,J1,0,0,1,31,1
43,14,J2,0,0,1,32,1
43,14,J3,0,0,0,18,0
43,14,J4,0,0,1,37,1
43,14,J5,0,0,1,33,1
43,15,J1,0,0,2,19,0
43,15,J2,0,0,0,23,0
43,15,J3,0,0,1,34,1
43,15,J4,0,0,1,38,1
43,15,J5,0,0,0,15,0
43,16,J1,0,0,1,40,1
43,16,J2,0,0,1,26,0
43,16,J3,0,0,2,21,0
43,16,J4,0,0,2,25,0
43,16,J5,0,0,1,40,1
43,17,J1,1,0,1,90,2
43,17,J2,1,0,1,73,2
43,17,J3,1,0,2,77,2
43,17,J4,1,0,0,74,2
43,17,J5,1,0,1,94,2
43,18,J1,1,0,0,60,2
43,18,J2,1,0,1,80,2
43,18,J3,1,0,0,68,2
43,18,J4,1,0,1,77,2
43,18,J5,1,0,2,79,2
43,19,J1,1,0,0,52,1
43,19,J2,1,0,2,71,2
43,19,J3,1,0,1,91,2
43,19,J4,1,0,1,62,2
43,19,J5,1,0,1,68,2
43,20,J1,0,0,2,23,0
43,20,J2,0,0,0,21,0
43,20,J3,0,0,0,24,0
43,20,J4,0,0,0,19,0
43,20,J5,0,0,2,23,0
43,21,J1,0,0,1,33,1
43,21,J2,0,0,0,19,0
43,21,J3,0,0,1,36,1
43,21,J4,0,0,0,18,0
43,21,J5,0,0,2,17,0
43,22,J1,0,0,0,24,0
43,22,J2,0,0,2,15,0
43,22,J3,0,0,0,16,0
43,22,J4,0,0,2,15,0
43,22,J5,0,0,0,25,0
43,23,J1,0,0,2,22,0
43,23,J2,0,0,2,20,0
43,23,J3,0,0,0,23,0
43,23,J4,0,0,2,18,0
43,23,J5,0,0,0,19,0
44,0,J1,0,0,1,35,1
44,0,J2,0,0,1,33,1
44,0,J3,0,0,2,18,0
44,0,J4,0,0,1,27,0
44,0,J5,0,0,2,22,0
44,1,J1,0,0,0,23,0
44,1,J2,0,0,0,18,0
44,1,J3,0,0,0,20,0
44,1,J4,0,0,2,20,0
44,1,J5,0,0,2,21,0
44,2,J1,0,0,0,25,0
44,2,J2,0,0,1,31,1
44,2,J3,0,0,0,20,0
44,2,J4,0,0,2,20,0
44,2,J5,0,0,1,41,1
44,3,J1,0,0,1,36,1
44,3,J2,0,0,2,15,0
44,3,J3,0,0,0,20,0
44,3,J4,0,0,0,19,0
44,3,J5,0,0,0,24,0
44,4,J1,0,0,0,16,0
44,4,J2,0,0,2,18,0
44,4,J3,0,0,1,41,1
44,4,J4,0,0,2,20,0
44,4,J5,0,0,0,21,0
44,5,J1,0,0,2,15,0
44,5,J2,0,0,2,17,0
44,5,J3,0,0,1,36,1
44,5,J4,0,0,0,18,0
44,5,J5,0,0,2,23,0
44,6,J1,0,0,2,25,0
44,6,J2,0,0,2,21,0
44,6,J3,0,0,2,16,0
44,6,J4,0,0,2,15,0
44,6,J5,0,0,2,22,0
44,7,J1,0,0,2,23,0
44,7,J2,0,0,2,22,0
44,7,J3,0,0,1,32,1
44,7,J4,0,0,2,19,0
44,7,J5,0,0,0,20,0
44,8,J1,1,0,0,75,2
44,8,J2,1,0,0,64,2
44,8,J3,1,0,2,51,1
44,8,J4,1,0,1,89,2
44,8,J5,1,0,0,64,2
44,9,J1,1,0,2,52,1
44,9,J2,1,0,2,69,2
44,9,J3,1,0,0,65,2
44,9,J4,1,0,0,65,2
44,9,J5,1,0,2,58,1
44,10,J1,0,0,2,24,0
44,10,J2,0,0,2,17,0
44,10,J3,0,0,2,19,0
44,10,J4,0,0,1,35,1
44,10,J5,0,0,0,16,0
44,11,J1,0,0,1,39,1
44,11,J2,0,0,0,24,0
44,11,J3,0,0,1,38,1
44,11,J4,0,0,0,22,0
44,11,J5,0,0,0,17,0
44,12,J1,0,0,0,21,0
44,12,J2,0,0,1,40,1
44,12,J3,0,0,2,16,0
44,12,J4,0,0,0,15,0
44,12,J5,0,0,1,27,0
44,13,J1,0,0,0,17,0
44,13,J2,0,0,2,23,0
44,13,J3,0,0,1,36,1
44,13,J4,0,0,0,21,0
44,13,J5,0,0,2,23,0
44,14,J1,0,0,0,19,0
44,14,J2,0,0,0,20,0
44,14,J3,0,0,1,43,1
44,14,J4,0,0,2,16,0
44,14,J5,0,0,2,15,0
44,15,J1,0,0,0,20,0
44,15,J2,0,0,1,41,1
44,15,J3,0,0,1,35,1
44,15,J4,0,0,1,29,0
44,15,J5,0,0,2,24,0
44,16,J1,0,0,2,16,0
44,16,J2,0,0,0,15,0
44,16,J3,0,0,2,24,0
44,16,J4,0,0,1,45,1
44,16,J5,0,0,1,36,1
44,17,J1,1,0,1,77,2
44,17,J2,1,0,1,89,2
44,17,J3,1,0,1,75,2
44,17,J4,1,0,2,69,2
44,17,J5,1,0,2,67,2
44,18,J1,1,0,1,76,2
44,18,J2,1,0,0,77,2
44,18,J3,1,0,0,74,2
44,18,J4,1,0,1,84,2
44,18,J5,1,0,2,56,1
44,19,J1,1,0,1,67,2
44,19,J2,1,0,1,77,2
44,19,J3,1,0,0,75,2
44,19,J4,1,0,1,98,2
44,19,J5,1,0,0,77,2
44,20,J1,0,0,2,19,0
44,20,J2,0,0,0,16,0
44,20,J3,0,0,0,23,0
44,20,J4,0,0,2,17,0
44,20,J5,0,0,0,24,0
44,21,J1,0,0,0,23,0
44,21,J2,0,0,2,18,0
44,21,J3,0,0,0,22,0
44,21,J4,0,0,0,20,0
44,21,J5,0,0,0,19,0
44,22,J1,0,0,2,21,0
44,22,J2,0,0,2,22,0
44,22,J3,0,0,2,17,0
44,22,J4,0,0,1,30,1
44,22,J5,0,0,2,16,0
44,23,J1,0,0,1,38,1
44,23,J2,0,0,1,28,0
44,23,J3,0,0,1,36,1
44,23,J4,0,0,1,29,0
44,23,J5,0,0,2,16,0
45,0,J1,0,0,1,35,1
45,0,J2,0,0,1,36,1
45,0,J3,0,0,2,23,0
45,0,J4,0,0,2,16,0
45,0,J5,0,0,2,20,0
45,1,J1,0,0,0,21,0
45,1,J2,0,0,0,23,0
45,1,J3,0,0,1,36,1
45,1,J4,0,0,2,25,0
45,1,J5,0,0,0,25,0
45,2,J1,0,0,2,15,0
45,2,J2,0,0,0,17,0
45,2,J3,0,0,2,21,0
45,2,J4,0,0,0,25,0
45,2,J5,0,0,0,19,0
45,3,J1,0,0,1,34,1
45,3,J2,0,0,0,22,0
45,3,J3,0,0,1,30,1
45,3,J4,0,0,2,16,0
45,3,J5,0,0,2,18,0
45,4,J1,0,0,0,21,0
45,4,J2,0,0,0,22,0
45,4,J3,0,0,2,24,0
45,4,J4,0,0,0,17,0
45,4,J5,0,0,0,21,0
45,5,J1,0,0,2,19,0
45,5,J2,0,0,2,21,0
45,5,J3,0,0,2,24,0
45,5,J4,0,0,0,25,0
45,5,J5,0,0,1,40,1
45,6,J1,0,0,2,17,0
45,6,J2,0,0,1,32,1
45,6,J3,0,0,2,22,0
45,6,J4,0,0,1,41,1
45,6,J5,0,0,2,20,0
45,7,J1,0,0,2,22,0
45,7,J2,0,0,1,29,0
45,7,J3,0,0,0,19,0
45,7,J4,0,0,1,37,1
45,7,J5,0,0,0,25,0
45,8,J1,1,0,1,67,2
45,8,J2,1,0,1,82,2
45,8,J3,1,0,2,59,1
45,8,J4,1,0,1,97,2
45,8,J5,1,0,1,79,2
45,9,J1,1,0,1,74,2
45,9,J2,1,0,1,69,2
45,9,J3,1,0,1,87,2
45,9,J4,1,0,1,93,2
45,9,J5,1,0,1,67,2
45,10,J1,0,0,1,33,1
45,10,J2,0,0,2,15,0
45,10,J3,0,0,1,38,1
45,10,J4,0,0,0,24,0
45,10,J5,0,0,0,23,0
45,11,J1,0,0,0,25,0
45,11,J2,0,0,0,24,0
45,11,J3,0,0,2,20,0
45,11,J4,0,0,0,24,0
45,11,J5,0,0,2,15,0
45,12,J1,0,0,2,15,0
45,12,J2,0,0,1,31,1
45,12,J3,0,0,1,34,1
45,12,J4,0,0,2,15,0
45,12,J5,0,0,2,18,0
45,13,J1,0,0,1,36,1
45,13,J2,0,0,0,23,0
45,13,J3,0,0,1,32,1
45,13,J4,0,0,0,20,0
45,13,J5,0,0,1,34,1
45,14,J1,0,0,2,18,0
45,14,J2,0,0,0,15,0
45,14,J3,0,0,0,23,0
45,14,J4,0,0,0,23,0
45,14,J5,0,0,1,32,1
45,15,J1,0,0,0,19,0
45,15,J2,0,0,1,28,0
45,15,J3,0,0,2,18,0
45,15,J4,0,0,0,19,0
45,15,J5,0,0,2,16,0
45,16,J1,0,0,1,41,1
45,16,J2,0,0,0,19,0
45,16,J3,0,0,0,16,0
45,16,J4,0,0,0,23,0
45,16,J5,0,0,2,21,0
45,17,J1,1,0,0,53,1
45,17,J2,1,0,2,76,2
45,17,J3,1,0,0,77,2
45,17,J4,1,0,1,74,2
45,17,J5,1,0,1,76,2
45,18,J1,1,0,1,73,2
45,18,J2,1,0,0,63,2
45,18,J3,1,0,2,66,2
45,18,J4,1,0,1,72,2
45,18,J5,1,0,1,83,2
45,19,J1,1,0,1,100,2
45,19,J2,1,0,0,57,1
45,19,J3,1,0,1,89,2
45,19,J4,1,0,2,68,2
45,19,J5,1,0,1,71,2
45,20,J1,0,0,1,35,1
45,20,J2,0,0,1,41,1
45,20,J3,0,0,0,25,0
45,20,J4,0,0,1,32,1
45,20,J5,0,0,2,16,0
45,21,J1,0,0,0,23,0
45,21,J2,0,0,0,18,0
45,21,J3,0,0,1,37,1
45,21,J4,0,0,0,17,0
45,21,J5,0,0,1,41,1
45,22,J1,0,0,2,24,0
45,22,J2,0,0,0,15,0
45,22,J3,0,0,1,35,1
45,22,J4,0,0,1,32,1
45,22,J5,0,0,0,20,0
45,23,J1,0,0,2,24,0
45,23,J2,0,0,2,21,0
45,23,J3,0,0,0,19,0
45,23,J4,0,0,2,18,0
45,23,J5,0,0,2,22,0
46,0,J1,0,0,2,22,0
46,0,J2,0,0,1,38,1
46,0,J3,0,0,1,39,1
46,0,J4,0,0,2,23,0
46,0,J5,0,0,2,16,0
46,1,J1,0,0,0,21,0
46,1,J2,0,0,2,16,0
46,1,J3,0,0,1,27,0
46,1,J4,0,0,0,23,0
46,1,J5,0,0,2,16,0
46,2,J1,0,0,0,18,0
46,2,J2,0,0,1,26,0
46,2,J3,0,0,1,34,1
46,2,J4,0,0,2,23,0
46,2,J5,0,0,1,35,1
46,3,J1,0,0,1,31,1
46,3,J2,0,0,1,32,1
46,3,J3,0,0,1,39,1
46,3,J4,0,0,2,20,0
46,3,J5,0,0,2,20,0
46,4,J1,0,0,2,25,0
46,4,J2,0,0,0,17,0
46,4,J3,0,0,1,43,1
46,4,J4,0,0,0,24,0
46,4,J5,0,0,2,20,0
46,5,J1,0,0,2,24,0
46,5,J2,0,0,1,39,1
46,5,J3,0,0,0,20,0
46,5,J4,0,0,2,17,0
46,5,J5,0,0,0,23,0
46,6,J1,0,0,2,22,0
46,6,J2,0,0,0,20,0
46,6,J3,0,0,1,29,0
46,6,J4,0,0,1,26,0
46,6,J5,0,0,1,31,1
46,7,J1,0,0,2,16,0
46,7,J2,0,0,2,22,0
46,7,J3,0,0,1,26,0
46,7,J4,0,0,2,22,0
46,7,J5,0,0,2,17,0
46,8,J1,1,0,0,66,2
46,8,J2,1,0,2,76,2
46,8,J3,1,0,1,78,2
46,8,J4,1,0,1,79,2
46,8,J5,1,0,2,59,1
46,9,J1,1,0,2,75,2
46,9,J2,1,0,1,90,2
46,9,J3,1,0,2,52,1
46,9,J4,1,0,2,50,1
46,9,J5,1,0,2,55,1
46,10,J1,0,0,0,19,0
46,10,J2,0,0,2,16,0
46,10,J3,0,0,0,23,0
46,10,J4,0,0,2,25,0
46,10,J5,0,0,1,39,1
46,11,J1,0,0,2,24,0
46,11,J2,0,0,1,44,1
46,11,J3,0,0,1,30,1
46,11,J4,0,0,0,18,0
46,11,J5,0,0,0,16,0
46,12,J1,0,0,2,17,0
46,12,J2,0,0,0,17,0
46,12,J3,0,0,1,30,1
46,12,J4,0,0,0,15,0
46,12,J5,0,0,0,23,0
46,13,J1,0,0,1,41,1
46,13,J2,0,0,1,34,1
46,13,J3,0,0,2,16,0
46,13,J4,0,0,0,23,0
46,13,J5,0,0,1,37,1
46,14,J1,0,0,2,22,0
46,14,J2,0,0,1,37,1
46,14,J3,0,0,1,34,1
46,14,J4,0,0,2,18,0
46,14,J5,0,0,0,25,0
46,15,J1,0,0,1,33,1
46,15,J2,0,0,2,22,0
46,15,J3,0,0,1,39,1
46,15,J4,0,0,0,23,0
46,15,J5,0,0,1,40,1
46,16,J1,0,0,0,15,0
46,16,J2,0,0,1,42,1
46,16,J3,0,0,1,34,1
46,16,J4,0,0,2,23,0
46,16,J5,0,0,0,21,0
46,17,J1,1,0,1,63,2
46,17,J2,1,0,1,77,2
46,17,J3,1,0,0,67,2
46,17,J4,1,0,1,67,2
46,17,J5,1,0,2,74,2
46,18,J1,1,0,2,53,1
46,18,J2,1,0,2,63,2
46,18,J3,1,0,1,71,2
46,18,J4,1,0,1,84,2
46,18,J5,1,0,0,79,2
46,19,J1,1,0,2,72,2
46,19,J2,1,0,1,77,2
46,19,J3,1,0,2,71,2
46,19,J4,1,0,0,56,1
46,19,J5,1,0,2,75,2
46,20,J1,0,0,2,17,0
46,20,J2,0,0,0,16,0
46,20,J3,0,0,1,26,0
46,20,J4,0,0,1,35,1
46,20,J5,0,0,1,34,1
46,21,J1,0,0,1,38,1
46,21,J2,0,0,2,15,0
46,21,J3,0,0,1,40,1
46,21,J4,0,0,2,17,0
46,21,J5,0,0,2,20,0
46,22,J1,0,0,2,15,0
46,22,J2,0,0,2,21,0
46,22,J3,0,0,1,45,1
46,22,J4,0,0,0,16,0
46,22,J5,0,0,0,23,0
46,23,J1,0,0,0,19,0
46,23,J2,0,0,0,17,0
46,23,J3,0,0,1,29,0
46,23,J4,0,0,2,18,0
46,23,J5,0,0,2,23,0
47,0,J1,0,1,1,12,0
47,0,J2,0,1,1,21,0
47,0,J3,0,1,0,12,0
47,0,J4,0,1,2,18,0
47,0,J5,0,1,1,21,0
47,1,J1,0,1,0,11,0
47,1,J2,0,1,1,19,0
47,1,J3,0,1,0,13,0
47,1,J4,0,1,2,12,0
47,1,J5,0,1,0,11,0
47,2,J1,0,1,2,3,0
47,2,J2,0,1,2,12,0
47,2,J3,0,1,0,8,0
47,2,J4,0,1,0,8,0
47,2,J5,0,1,2,11,0
47,3,J1,0,1,0,11,0
47,3,J2,0,1,0,12,0
47,3,J3,0,1,1,24,0
47,3,J4,0,1,1,21,0
47,3,J5,0,1,1,29,0
47,4,J1,0,1,2,2,0
47,4,J2,0,1,0,7,0
47,4,J3,0,1,0,11,0
47,4,J4,0,1,0,9,0
47,4,J5,0,1,2,4,0
47,5,J1,0,1,0,13,0
47,5,J2,0,1,2,7,0
47,5,J3,0,1,2,11,0
47,5,J4,0,1,0,7,0
47,5,J5,0,1,0,17,0
47,6,J1,0,1,2,2,0
47,6,J2,0,1,1,24,0
47,6,J3,0,1,1,22,0
47,6,J4,0,1,2,1,0
47,6,J5,0,1,1,16,0
47,7,J1,0,1,0,14,0
47,7,J2,0,1,1,30,1
47,7,J3,0,1,0,13,0
47,7,J4,0,1,1,23,0
47,7,J5,0,1,0,17,0
47,8,J1,1,1,2,54,1
47,8,J2,1,1,2,54,1
47,8,J3,1,1,0,52,1
47,8,J4,1,1,1,73,2
47,8,J5,1,1,0,74,2
47,9,J1,1,1,0,51,1
47,9,J2,1,1,2,43,1
47,9,J3,1,1,0,58,1
47,9,J4,1,1,2,65,2
47,9,J5,1,1,2,64,2
47,10,J1,0,1,2,5,0
47,10,J2,0,1,0,8,0
47,10,J3,0,1,1,23,0
47,10,J4,0,1,1,12,0
47,10,J5,0,1,0,12,0
47,11,J1,0,1,1,22,0
47,11,J2,0,1,0,5,0
47,11,J3,0,1,2,9,0
47,11,J4,0,1,2,7,0
47,11,J5,0,1,0,5,0
47,12,J1,0,1,1,22,0
47,12,J2,0,1,2,7,0
47,12,J3,0,1,1,31,1
47,12,J4,0,1,2,8,0
47,12,J5,0,1,1,19,0
47,13,J1,0,1,1,31,1
47,13,J2,0,1,2,13,0
47,13,J3,0,1,1,32,1
47,13,J4,0,1,1,21,0
47,13,J5,0,1,0,3,0
47,14,J1,0,1,0,10,0
47,14,J2,0,1,1,37,1
47,14,J3,0,1,2,5,0
47,14,J4,0,1,2,9,0
47,14,J5,0,1,1,26,0
47,15,J1,0,1,1,30,1
47,15,J2,0,1,1,34,1
47,15,J3,0,1,0,10,0
47,15,J4,0,1,1,23,0
47,15,J5,0,1,1,26,0
47,16,J1,0,1,1,23,0
47,16,J2,0,1,1,26,0
47,16,J3,0,1,2,19,0
47,16,J4,0,1,1,23,0
47,16,J5,0,1,0,9,0
47,17,J1,1,1,1,85,2
47,17,J2,1,1,2,66,2
47,17,J3,1,1,1,76,2
47,17,J4,1,1,1,91,2
47,17,J5,1,1,1,69,2
47,18,J1,1,1,2,52,1
47,18,J2,1,1,1,64,2
47,18,J3,1,1,0,44,1
47,18,J4,1,1,1,62,2
47,18,J5,1,1,1,54,1
47,19,J1,1,1,0,67,2
47,19,J2,1,1,1,55,1
47,19,J3,1,1,1,62,2
47,19,J4,1,1,0,55,1
47,19,J5,1,1,1,74,2
47,20,J1,0,1,1,14,0
47,20,J2,0,1,2,14,0
47,20,J3,0,1,2,18,0
47,20,J4,0,1,2,7,0
47,20,J5,0,1,0,17,0
47,21,J1,0,1,0,10,0
47,21,J2,0,1,2,9,0
47,21,J3,0,1,1,27,0
47,21,J4,0,1,0,11,0
47,21,J5,0,1,1,24,0
47,22,J1,0,1,1,27,0
47,22,J2,0,1,2,1,0
47,22,J3,0,1,1,32,1
47,22,J4,0,1,2,12,0
47,22,J5,0,1,1,22,0
47,23,J1,0,1,2,1,0
47,23,J2,0,1,1,27,0
47,23,J3,0,1,1,23,0
47,23,J4,0,1,2,7,0
47,23,J5,0,1,1,25,0
48,0,J1,0,1,1,26,0
48,0,J2,0,1,2,0,0
48,0,J3,0,1,2,6,0
48,0,J4,0,1,2,10,0
48,0,J5,0,1,0,7,0
48,1,J1,0,1,0,14,0
48,1,J2,0,1,0,10,0
48,1,J3,0,1,1,24,0
48,1,J4,0,1,0,10,0
48,1,J5,0,1,0,8,0
48,2,J1,0,1,0,5,0
48,2,J2,0,1,2,8,0
48,2,J3,0,1,2,14,0
48,2,J4,0,1,2,13,0
48,2,J5,0,1,1,19,0
48,3,J1,0,1,1,25,0
48,3,J2,0,1,1,22,0
48,3,J3,0,1,0,4,0
48,3,J4,0,1,2,8,0
48,3,J5,0,1,1,19,0
48,4,J1,0,1,0,7,0
48,4,J2,0,1,2,6,0
48,4,J3,0,1,0,7,0
48,4,J4,0,1,1,26,0
48,4,J5,0,1,2,3,0
48,5,J1,0,1,0,10,0
48,5,J2,0,1,0,6,0
48,5,J3,0,1,2,10,0
48,5,J4,0,1,0,14,0
48,5,J5,0,1,2,6,0
48,6,J1,0,1,1,32,1
48,6,J2,0,1,2,10,0
48,6,J3,0,1,1,21,0
48,6,J4,0,1,2,8,0
48,6,J5,0,1,0,12,0
48,7,J1,0,1,1,28,0
48,7,J2,0,1,2,11,0
48,7,J3,0,1,1,39,1
48,7,J4,0,1,2,10,0
48,7,J5,0,1,1,28,0
48,8,J1,1,1,1,63,2
48,8,J2,1,1,1,83,2
48,8,J3,1,1,1,56,1
48,8,J4,1,1,1,63,2
48,8,J5,1,1,1,78,2
48,9,J1,1,1,1,75,2
48,9,J2,1,1,0,44,1
48,9,J3,1,1,2,42,1
48,9,J4,1,1,2,58,1
48,9,J5,1,1,2,54,1
48,10,J1,0,1,2,13,0
48,10,J2,0,1,0,5,0
48,10,J3,0,1,2,11,0
48,10,J4,0,1,1,23,0
48,10,J5,0,1,0,8,0
48,11,J1,0,1,2,9,0
48,11,J2,0,1,1,20,0
48,11,J3,0,1,1,24,0
48,11,J4,0,1,2,10,0
48,11,J5,0,1,0,9,0
48,12,J1,0,1,1,28,0
48,12,J2,0,1,2,1,0
48,12,J3,0,1,2,7,0
48,12,J4,0,1,0,4,0
48,12,J5,0,1,0,20,0
48,13,J1,0,1,2,12,0
48,13,J2,0,1,1,31,1
48,13,J3,0,1,1,36,1
48,13,J4,0,1,2,2,0
48,13,J5,0,1,1,31,1
48,14,J1,0,1,1,21,0
48,14,J2,0,1,2,12,0
48,14,J3,0,1,2,9,0
48,14,J4,0,1,0,11,0
48,14,J5,0,1,1,30,1
48,15,J1,0,1,1,21,0
48,15,J2,0,1,0,14,0
48,15,J3,0,1,0,7,0
48,15,J4,0,1,1,36,1
48,15,J5,0,1,2,6,0
48,16,J1,0,1,1,28,0
48,16,J2,0,1,1,32,1
48,16,J3,0,1,1,31,1
48,16,J4,0,1,0,6,0
48,16,J5,0,1,0,12,0
48,17,J1,1,1,2,51,1
48,17,J2,1,1,2,46,1
48,17,J3,1,1,1,66,2
48,17,J4,1,1,0,63,2
48,17,J5,1,1,2,47,1
48,18,J1,1,1,2,50,1
48,18,J2,1,1,2,56,1
48,18,J3,1,1,0,51,1
48,18,J4,1,1,2,65,2
48,18,J5,1,1,1,76,2
48,19,J1,1,1,0,55,1
48,19,J2,1,1,2,52,1
48,19,J3,1,1,2,44,1
48,19,J4,1,1,0,49,1
48,19,J5,1,1,2,74,2
48,20,J1,0,1,0,9,0
48,20,J2,0,1,0,12,0
48,20,J3,0,1,2,19,0
48,20,J4,0,1,0,12,0
48,20,J5,0,1,1,19,0
48,21,J1,0,1,2,5,0
48,21,J2,0,1,2,12,0
48,21,J3,0,1,2,16,0
48,21,J4,0,1,2,14,0
48,21,J5,0,1,2,13,0
48,22,J1,0,1,2,10,0
48,22,J2,0,1,0,17,0
48,22,J3,0,1,2,5,0
48,22,J4,0,1,0,8,0
48,22,J5,0,1,2,3,0
48,23,J1,0,1,0,5,0
48,23,J2,0,1,0,5,0
48,23,J3,0,1,2,7,0
48,23,J4,0,1,2,8,0
48,23,J5,0,1,0,6,0
49,0,J1,0,0,0,18,0
49,0,J2,0,0,0,18,0
49,0,J3,0,0,2,24,0
49,0,J4,0,0,1,33,1
49,0,J5,0,0,2,15,0
49,1,J1,0,0,1,36,1
49,1,J2,0,0,0,22,0
49,1,J3,0,0,0,22,0
49,1,J4,0,0,0,22,0
49,1,J5,0,0,0,16,0
49,2,J1,0,0,2,24,0
49,2,J2,0,0,0,24,0
49,2,J3,0,0,1,38,1
49,2,J4,0,0,0,24,0
49,2,J5,0,0,1,33,1
49,3,J1,0,0,2,18,0
49,3,J2,0,0,2,25,0
49,3,J3,0,0,2,22,0
49,3,J4,0,0,0,19,0
49,3,J5,0,0,1,38,1
49,4,J1,0,0,1,37,1
49,4,J2,0,0,1,40,1
49,4,J3,0,0,2,19,0
49,4,J4,0,0,2,19,0
49,4,J5,0,0,1,36,1
49,5,J1,0,0,1,39,1
49,5,J2,0,0,2,23,0
49,5,J3,0,0,1,42,1
49,5,J4,0,0,0,17,0
49,5,J5,0,0,1,30,1
49,6,J1,0,0,2,22,0
49,6,J2,0,0,1,29,0
49,6,J3,0,0,0,21,0
49,6,J4,0,0,2,19,0
49,6,J5,0,0,0,22,0
49,7,J1,0,0,1,45,1
49,7,J2,0,0,2,17,0
49,7,J3,0,0,0,16,0
49,7,J4,0,0,0,18,0
49,7,J5,0,0,1,37,1
49,8,J1,1,0,1,94,2
49,8,J2,1,0,0,70,2
49,8,J3,1,0,2,60,2
49,8,J4,1,0,2,54,1
49,8,J5,1,0,0,57,1
49,9,J1,1,0,0,74,2
49,9,J2,1,0,2,68,2
49,9,J3,1,0,1,100,2
49,9,J4,1,0,2,70,2
49,9,J5,1,0,2,56,1
49,10,J1,0,0,1,36,1
49,10,J2,0,0,1,31,1
49,10,J3,0,0,1,35,1
49,10,J4,0,0,1,35,1
49,10,J5,0,0,2,21,0
49,11,J1,0,0,1,31,1
49,11,J2,0,0,0,21,0
49,11,J3,0,0,1,37,1
49,11,J4,0,0,1,29,0
49,11,J5,0,0,2,18,0
49,12,J1,0,0,0,25,0
49,12,J2,0,0,2,19,0
49,12,J3,0,0,1,30,1
49,12,J4,0,0,1,37,1
49,12,J5,0,0,1,41,1
49,13,J1,0,0,2,18,0
49,13,J2,0,0,0,24,0
49,13,J3,0,0,2,22,0
49,13,J4,0,0,1,27,0
49,13,J5,0,0,0,17,0
49,14,J1,0,0,1,41,1
49,14,J2,0,0,1,35,1
49,14,J3,0,0,1,35,1
49,14,J4,0,0,1,43,1
49,14,J5,0,0,1,26,0
49,15,J1,0,0,0,25,0
49,15,J2,0,0,1,37,1
49,15,J3,0,0,1,36,1
49,15,J4,0,0,0,22,0
49,15,J5,0,0,0,16,0
49,16,J1,0,0,1,33,1
49,16,J2,0,0,0,24,0
49,16,J3,0,0,1,37,1
49,16,J4,0,0,2,16,0
49,16,J5,0,0,1,33,1
49,17,J1,1,0,2,72,2
49,17,J2,1,0,1,84,2
49,17,J3,1,0,2,47,1
49,17,J4,1,0,0,77,2
49,17,J5,1,0,1,93,2
49,18,J1,1,0,0,62,2
49,18,J2,1,0,0,64,2
49,18,J3,1,0,1,75,2
49,18,J4,1,0,1,76,2
49,18,J5,1,0,0,71,2
49,19,J1,1,0,1,74,2
49,19,J2,1,0,2,54,1
49,19,J3,1,0,1,70,2
49,19,J4,1,0,0,83,2
49,19,J5,1,0,1,95,2
49,20,J1,0,0,1,39,1
49,20,J2,0,0,2,16,0
49,20,J3,0,0,2,16,0
49,20,J4,0,0,2,16,0
49,20,J5,0,0,2,16,0
49,21,J1,0,0,2,17,0
49,21,J2,0,0,2,16,0
49,21,J3,0,0,2,22,0
49,21,J4,0,0,2,25,0
49,21,J5,0,0,0,16,0
49,22,J1,0,0,2,21,0
49,22,J2,0,0,1,39,1
49,22,J3,0,0,2,17,0
49,22,J4,0,0,2,20,0
49,22,J5,0,0,0,17,0
49,23,J1,0,0,2,24,0
49,23,J2,0,0,1,40,1
49,23,J3,0,0,2,21,0
49,23,J4,0,0,0,21,0
49,23,J5,0,0,2,19,0
50,0,J1,0,0,0,24,0
50,0,J2,0,0,1,25,0
50,0,J3,0,0,0,20,0
50,0,J4,0,0,1,31,1
50,0,J5,0,0,0,24,0
50,1,J1,0,0,2,20,0
50,1,J2,0,0,2,22,0
50,1,J3,0,0,2,25,0
50,1,J4,0,0,0,24,0
50,1,J5,0,0,1,36,1
50,2,J1,0,0,0,17,0
50,2,J2,0,0,0,19,0
50,2,J3,0,0,0,16,0
50,2,J4,0,0,0,23,0
50,2,J5,0,0,2,15,0
50,3,J1,0,0,0,23,0
50,3,J2,0,0,1,31,1
50,3,J3,0,0,1,38,1
50,3,J4,0,0,0,18,0
50,3,J5,0,0,1,33,1
50,4,J1,0,0,1,31,1
50,4,J2,0,0,1,27,0
50,4,J3,0,0,1,32,1
50,4,J4,0,0,0,22,0
50,4,J5,0,0,2,18,0
50,5,J1,0,0,1,32,1
50,5,J2,0,0,1,34,1
50,5,J3,0,0,0,21,0
50,5,J4,0,0,2,16,0
50,5,J5,0,0,0,17,0
50,6,J1,0,0,2,24,0
50,6,J2,0,0,2,23,0
50,6,J3,0,0,0,17,0
50,6,J4,0,0,0,16,0
50,6,J5,0,0,1,39,1
50,7,J1,0,0,2,20,0
50,7,J2,0,0,1,31,1
50,7,J3,0,0,0,23,0
50,7,J4,0,0,1,36,1
50,7,J5,0,0,2,16,0
50,8,J1,1,0,1,61,2
50,8,J2,1,0,1,73,2
50,8,J3,1,0,1,90,2
50,8,J4,1,0,1,99,2
50,8,J5,1,0,0,68,2
50,9,J1,1,0,2,71,2
50,9,J2,1,0,1,69,2
50,9,J3,1,0,1,61,2
50,9,J4,1,0,0,63,2
50,9,J5,1,0,0,63,2
50,10,J1,0,0,0,22,0
50,10,J2,0,0,0,15,0
50,10,J3,0,0,2,18,0
50,10,J4,0,0,2,25,0
50,10,J5,0,0,1,39,1
50,11,J1,0,0,1,33,1
50,11,J2,0,0,0,17,0
50,11,J3,0,0,2,17,0
50,11,J4,0,0,2,25,0
50,11,J5,0,0,0,20,0
50,12,J1,0,0,0,17,0
50,12,J2,0,0,0,22,0
50,12,J3,0,0,0,19,0
50,12,J4,0,0,1,40,1
50,12,J5,0,0,1,39,1
50,13,J1,0,0,0,15,0
50,13,J2,0,0,1,32,1
50,13,J3,0,0,0,17,0
50,13,J4,0,0,1,33,1
50,13,J5,0,0,1,42,1
50,14,J1,0,0,0,17,0
50,14,J2,0,0,0,15,0
50,14,J3,0,0,1,29,0
50,14,J4,0,0,1,27,0
50,14,J5,0,0,1,38,1
50,15,J1,0,0,2,22,0
50,15,J2,0,0,0,24,0
50,15,J3,0,0,2,15,0
50,15,J4,0,0,1,39,1
50,15,J5,0,0,1,32,1
50,16,J1,0,0,2,23,0
50,16,J2,0,0,1,44,1
50,16,J3,0,0,2,16,0
50,16,J4,0,0,1,41,1
50,16,J5,0,0,0,17,0
50,17,J1,1,0,0,63,2
50,17,J2,1,0,0,62,2
50,17,J3,1,0,0,69,2
50,17,J4,1,0,2,61,2
50,17,J5,1,0,2,51,1
50,18,J1,1,0,0,55,1
50,18,J2,1,0,2,70,2
50,18,J3,1,0,1,94,2
50,18,J4,1,0,2,69,2
50,18,J5,1,0,2,77,2
50,19,J1,1,0,0,61,2
50,19,J2,1,0,1,87,2
50,19,J3,1,0,2,74,2
50,19,J4,1,0,2,79,2
50,19,J5,1,0,2,49,1
50,20,J1,0,0,0,15,0
50,20,J2,0,0,0,25,0
50,20,J3,0,0,0,18,0
50,20,J4,0,0,0,21,0
50,20,J5,0,0,1,34,1
50,21,J1,0,0,1,37,1
50,21,J2,0,0,0,25,0
50,21,J3,0,0,2,21,0
50,21,J4,0,0,1,35,1
50,21,J5,0,0,2,19,0
50,22,J1,0,0,2,22,0
50,22,J2,0,0,0,19,0
50,22,J3,0,0,2,23,0
50,22,J4,0,0,1,32,1
50,22,J5,0,0,1,37,1
50,23,J1,0,0,2,22,0
50,23,J2,0,0,2,16,0
50,23,J3,0,0,2,20,0
50,23,J4,0,0,2,19,0
50,23,J5,0,0,0,20,0
51,0,J1,0,0,1,35,1
51,0,J2,0,0,2,17,0
51,0,J3,0,0,0,18,0
51,0,J4,0,0,1,27,0
51,0,J5,0,0,2,19,0
51,1,J1,0,0,0,20,0
51,1,J2,0,0,1,38,1
51,1,J3,0,0,2,16,0
51,1,J4,0,0,2,17,0
51,1,J5,0,0,1,36,1
51,2,J1,0,0,0,25,0
51,2,J2,0,0,0,15,0
51,2,J3,0,0,0,20,0
51,2,J4,0,0,2,24,0
51,2,J5,0,0,0,24,0
51,3,J1,0,0,2,23,0
51,3,J2,0,0,0,23,0
51,3,J3,0,0,1,36,1
51,3,J4,0,0,2,23,0
51,3,J5,0,0,0,20,0
51,4,J1,0,0,0,16,0
51,4,J2,0,0,2,17,0
51,4,J3,0,0,2,25,0
51,4,J4,0,0,2,18,0
51,4,J5,0,0,2,17,0
51,5,J1,0,0,2,24,0
51,5,J2,0,0,1,32,1
51,5,J3,0,0,0,21,0
51,5,J4,0,0,1,39,1
51,5,J5,0,0,1,39,1
51,6,J1,0,0,1,31,1
51,6,J2,0,0,0,16,0
51,6,J3,0,0,1,43,1
51,6,J4,0,0,1,37,1
51,6,J5,0,0,2,16,0
51,7,J1,0,0,0,21,0
51,7,J2,0,0,0,17,0
51,7,J3,0,0,1,30,1
51,7,J4,0,0,1,37,1
51,7,J5,0,0,1,40,1
51,8,J1,1,0,0,57,1
51,8,J2,1,0,0,56,1
51,8,J3,1,0,0,79,2
51,8,J4,1,0,0,77,2
51,8,J5,1,0,2,52,1
51,9,J1,1,0,1,73,2
51,9,J2,1,0,1,66,2
51,9,J3,1,0,2,62,2
51,9,J4,1,0,0,79,2
51,9,J5,1,0,2,63,2
51,10,J1,0,0,2,22,0
51,10,J2,0,0,1,34,1
51,10,J3,0,0,2,24,0
51,10,J4,0,0,1,28,0
51,10,J5,0,0,2,20,0
51,11,J1,0,0,1,31,1
51,11,J2,0,0,1,36,1
51,11,J3,0,0,1,40,1
51,11,J4,0,0,0,22,0
51,11,J5,0,0,1,36,1
51,12,J1,0,0,0,16,0
51,12,J2,0,0,2,24,0
51,12,J3,0,0,2,20,0
51,12,J4,0,0,0,25,0
51,12,J5,0,0,1,37,1
51,13,J1,0,0,0,25,0
51,13,J2,0,0,0,19,0
51,13,J3,0,0,2,19,0
51,13,J4,0,0,1,43,1
51,13,J5,0,0,1,41,1
51,14,J1,0,0,1,31,1
51,14,J2,0,0,0,16,0
51,14,J3,0,0,2,22,0
51,14,J4,0,0,0,24,0
51,14,J5,0,0,1,37,1
51,15,J1,0,0,1,39,1
51,15,J2,0,0,0,22,0
51,15,J3,0,0,2,24,0
51,15,J4,0,0,2,21,0
51,15,J5,0,0,2,23,0
51,16,J1,0,0,2,21,0
51,16,J2,0,0,0,24,0
51,16,J3,0,0,0,24,0
51,16,J4,0,0,2,16,0
51,16,J5,0,0,2,16,0
51,17,J1,1,0,0,78,2
51,17,J2,1,0,1,92,2
51,17,J3,1,0,1,87,2
51,17,J4,1,0,1,89,2
51,17,J5,1,0,2,80,2
51,18,J1,1,0,0,81,2
51,18,J2,1,0,2,74,2
51,18,J3,1,0,2,74,2
51,18,J4,1,0,0,65,2
51,18,J5,1,0,0,70,2
51,19,J1,1,0,0,60,2
51,19,J2,1,0,0,75,2
51,19,J3,1,0,1,81,2
51,19,J4,1,0,1,92,2
51,19,J5,1,0,1,85,2
51,20,J1,0,0,1,39,1
51,20,J2,0,0,0,18,0
51,20,J3,0,0,2,23,0
51,20,J4,0,0,2,20,0
51,20,J5,0,0,2,21,0
51,21,J1,0,0,1,34,1
51,21,J2,0,0,0,20,0
51,21,J3,0,0,1,42,1
51,21,J4,0,0,2,18,0
51,21,J5,0,0,1,30,1
51,22,J1,0,0,2,16,0
51,22,J2,0,0,2,21,0
51,22,J3,0,0,1,41,1
51,22,J4,0,0,2,17,0
51,22,J5,0,0,1,32,1
51,23,J1,0,0,2,22,0
51,23,J2,0,0,1,37,1
51,23,J3,0,0,1,29,0
51,23,J4,0,0,1,26,0
51,23,J5,0,0,0,24,0
52,0,J1,0,0,1,43,1
52,0,J2,0,0,2,19,0
52,0,J3,0,0,2,23,0
52,0,J4,0,0,0,21,0
52,0,J5,0,0,2,16,0
52,1,J1,0,0,0,16,0
52,1,J2,0,0,0,24,0
52,1,J3,0,0,2,21,0
52,1,J4,0,0,1,32,1
52,1,J5,0,0,2,20,0
52,2,J1,0,0,1,33,1
52,2,J2,0,0,0,19,0
52,2,J3,0,0,2,24,0
52,2,J4,0,0,0,20,0
52,2,J5,0,0,0,22,0
52,3,J1,0,0,0,18,0
52,3,J2,0,0,2,17,0
52,3,J3,0,0,2,19,0
52,3,J4,0,0,0,22,0
52,3,J5,0,0,0,18,0
52,4,J1,0,0,0,18,0
52,4,J2,0,0,1,38,1
52,4,J3,0,0,0,15,0
52,4,J4,0,0,1,28,0
52,4,J5,0,0,2,22,0
52,5,J1,0,0,1,39,1
52,5,J2,0,0,2,24,0
52,5,J3,0,0,0,21,0
52,5,J4,0,0,0,23,0
52,5,J5,0,0,2,21,0
52,6,J1,0,0,2,24,0
52,6,J2,0,0,1,34,1
52,6,J3,0,0,1,36,1
52,6,J4,0,0,1,33,1
52,6,J5,0,0,2,20,0
52,7,J1,0,0,0,17,0
52,7,J2,0,0,1,36,1
52,7,J3,0,0,2,17,0
52,7,J4,0,0,0,23,0
52,7,J5,0,0,2,22,0
52,8,J1,1,0,2,56,1
52,8,J2,1,0,2,57,1
52,8,J3,1,0,2,77,2
52,8,J4,1,0,2,74,2
52,8,J5,1,0,1,72,2
52,9,J1,1,0,1,88,2
52,9,J2,1,0,2,59,1
52,9,J3,1,0,0,53,1
52,9,J4,1,0,1,82,2
52,9,J5,1,0,1,73,2
52,10,J1,0,0,2,20,0
52,10,J2,0,0,0,19,0
52,10,J3,0,0,2,19,0
52,10,J4,0,0,2,15,0
52,10,J5,0,0,2,24,0
52,11,J1,0,0,1,33,1
52,11,J2,0,0,1,38,1
52,11,J3,0,0,1,37,1
52,11,J4,0,0,2,25,0
52,11,J5,0,0,1,33,1
52,12,J1,0,0,2,23,0
52,12,J2,0,0,1,35,1
52,12,J3,0,0,2,24,0
52,12,J4,0,0,1,34,1
52,12,J5,0,0,0,20,0
52,13,J1,0,0,2,16,0
52,13,J2,0,0,0,24,0
52,13,J3,0,0,0,23,0
52,13,J4,0,0,1,30,1
52,13,J5,0,0,0,24,0
52,14,J1,0,0,0,17,0
52,14,J2,0,0,0,25,0
52,14,J3,0,0,1,31,1
52,14,J4,0,0,0,16,0
52,14,J5,0,0,1,44,1
52,15,J1,0,0,1,37,1
52,15,J2,0,0,2,22,0
52,15,J3,0,0,0,20,0
52,15,J4,0,0,0,16,0
52,15,J5,0,0,1,32,1
52,16,J1,0,0,2,21,0
52,16,J2,0,0,1,33,1
52,16,J3,0,0,0,19,0
52,16,J4,0,0,1,31,1
52,16,J5,0,0,1,45,1
52,17,J1,1,0,0,62,2
52,17,J2,1,0,0,65,2
52,17,J3,1,0,0,82,2
52,17,J4,1,0,0,62,2
52,17,J5,1,0,2,57,1
52,18,J1,1,0,0,53,1
52,18,J2,1,0,0,50,1
52,18,J3,1,0,1,73,2
52,18,J4,1,0,2,57,1
52,18,J5,1,0,0,61,2
52,19,J1,1,0,2,62,2
52,19,J2,1,0,2,56,1
52,19,J3,1,0,0,82,2
52,19,J4,1,0,0,69,2
52,19,J5,1,0,2,57,1
52,20,J1,0,0,2,17,0
52,20,J2,0,0,2,17,0
52,20,J3,0,0,1,34,1
52,20,J4,0,0,0,23,0
52,20,J5,0,0,0,19,0
52,21,J1,0,0,1,31,1
52,21,J2,0,0,2,17,0
52,21,J3,0,0,2,23,0
52,21,J4,0,0,0,16,0
52,21,J5,0,0,1,37,1
52,22,J1,0,0,0,24,0
52,22,J2,0,0,1,42,1
52,22,J3,0,0,2,21,0
52,22,J4,0,0,1,36,1
52,22,J5,0,0,2,16,0
52,23,J1,0,0,1,33,1
52,23,J2,0,0,0,18,0
52,23,J3,0,0,1,34,1
52,23,J4,0,0,0,20,0
52,23,J5,0,0,0,22,0
53,0,J1,0,0,2,24,0
53,0,J2,0,0,0,23,0
53,0,J3,0,0,0,25,0
53,0,J4,0,0,2,20,0
53,0,J5,0,0,2,24,0
53,1,J1,0,0,2,23,0
53,1,J2,0,0,2,21,0
53,1,J3,0,0,2,25,0
53,1,J4,0,0,0,19,0
53,1,J5,0,0,1,34,1
53,2,J1,0,0,0,19,0
53,2,J2,0,0,2,21,0
53,2,J3,0,0,1,37,1
53,2,J4,0,0,0,22,0
53,2,J5,0,0,0,22,0
53,3,J1,0,0,0,20,0
53,3,J2,0,0,2,22,0
53,3,J3,0,0,2,21,0
53,3,J4,0,0,1,36,1
53,3,J5,0,0,2,15,0
53,4,J1,0,0,2,15,0
53,4,J2,0,0,0,16,0
53,4,J3,0,0,1,43,1
53,4,J4,0,0,2,17,0
53,4,J5,0,0,2,20,0
53,5,J1,0,0,2,15,0
53,5,J2,0,0,2,15,0
53,5,J3,0,0,0,19,0
53,5,J4,0,0,1,33,1
53,5,J5,0,0,2,15,0
53,6,J1,0,0,2,21,0
53,6,J2,0,0,2,23,0
53,6,J3,0,0,2,17,0
53,6,J4,0,0,2,20,0
53,6,J5,0,0,2,15,0
53,7,J1,0,0,0,16,0
53,7,J2,0,0,1,30,1
53,7,J3,0,0,2,20,0
53,7,J4,0,0,0,18,0
53,7,J5,0,0,1,37,1
53,8,J1,1,0,2,64,2
53,8,J2,1,0,0,80,2
53,8,J3,1,0,0,74,2
53,8,J4,1,0,1,68,2
53,8,J5,1,0,1,69,2
53,9,J1,1,0,1,90,2
53,9,J2,1,0,0,58,1
53,9,J3,1,0,0,74,2
53,9,J4,1,0,1,99,2
53,9,J5,1,0,2,77,2
53,10,J1,0,0,1,38,1
53,10,J2,0,0,2,19,0
53,10,J3,0,0,1,31,1
53,10,J4,0,0,1,35,1
53,10,J5,0,0,0,22,0
53,11,J1,0,0,1,34,1
53,11,J2,0,0,2,21,0
53,11,J3,0,0,0,22,0
53,11,J4,0,0,0,25,0
53,11,J5,0,0,2,18,0
53,12,J1,0,0,0,25,0
53,12,J2,0,0,0,16,0
53,12,J3,0,0,0,22,0
53,12,J4,0,0,0,17,0
53,12,J5,0,0,2,20,0
53,13,J1,0,0,0,19,0
53,13,J2,0,0,2,21,0
53,13,J3,0,0,1,37,1
53,13,J4,0,0,1,38,1
53,13,J5,0,0,0,16,0
53,14,J1,0,0,1,29,0
53,14,J2,0,0,2,22,0
53,14,J3,0,0,0,17,0
53,14,J4,0,0,2,15,0
53,14,J5,0,0,1,33,1
53,15,J1,0,0,0,18,0
53,15,J2,0,0,0,21,0
53,15,J3,0,0,0,16,0
53,15,J4,0,0,2,16,0
53,15,J5,0,0,0,21,0
53,16,J1,0,0,2,20,0
53,16,J2,0,0,1,34,1
53,16,J3,0,0,2,15,0
53,16,J4,0,0,2,23,0
53,16,J5,0,0,0,18,0
53,17,J1,1,0,2,55,1
53,17,J2,1,0,2,47,1
53,17,J3,1,0,1,88,2
53,17,J4,1,0,1,82,2
53,17,J5,1,0,0,63,2
53,18,J1,1,0,0,79,2
53,18,J2,1,0,2,50,1
53,18,J3,1,0,0,68,2
53,18,J4,1,0,1,83,2
53,18,J5,1,0,1,69,2
53,19,J1,1,0,2,62,2
53,19,J2,1,0,0,57,1
53,19,J3,1,0,1,67,2
53,19,J4,1,0,0,66,2
53,19,J5,1,0,2,54,1
53,20,J1,0,0,2,17,0
53,20,J2,0,0,2,20,0
53,20,J3,0,0,1,27,0
53,20,J4,0,0,0,25,0
53,20,J5,0,0,0,15,0
53,21,J1,0,0,1,34,1
53,21,J2,0,0,0,21,0
53,21,J3,0,0,2,16,0
53,21,J4,0,0,0,25,0
53,21,J5,0,0,0,24,0
53,22,J1,0,0,2,16,0
53,22,J2,0,0,0,25,0
53,22,J3,0,0,1,44,1
53,22,J4,0,0,1,39,1
53,22,J5,0,0,2,21,0
53,23,J1,0,0,1,38,1
53,23,J2,0,0,1,38,1
53,23,J3,0,0,1,42,1
53,23,J4,0,0,1,34,1
53,23,J5,0,0,2,20,0
54,0,J1,0,1,0,12,0
54,0,J2,0,1,2,14,0
54,0,J3,0,1,1,17,0
54,0,J4,0,1,1,22,0
54,0,J5,0,1,1,21,0
54,1,J1,0,1,1,17,0
54,1,J2,0,1,0,10,0
54,1,J3,0,1,1,27,0
54,1,J4,0,1,1,27,0
54,1,J5,0,1,1,26,0
54,2,J1,0,1,2,5,0
54,2,J2,0,1,0,10,0
54,2,J3,0,1,2,17,0
54,2,J4,0,1,2,12,0
54,2,J5,0,1,2,9,0
54,3,J1,0,1,2,9,0
54,3,J2,0,1,1,16,0
54,3,J3,0,1,2,7,0
54,3,J4,0,1,1,23,0
54,3,J5,0,1,0,12,0
54,4,J1,0,1,2,18,0
54,4,J2,0,1,1,24,0
54,4,J3,0,1,1,23,0
54,4,J4,0,1,2,2,0
54,4,J5,0,1,1,23,0
54,5,J1,0,1,2,13,0
54,5,J2,0,1,0,14,0
54,5,J3,0,1,1,26,0
54,5,J4,0,1,1,25,0
54,5,J5,0,1,2,0,0
54,6,J1,0,1,2,10,0
54,6,J2,0,1,0,10,0
54,6,J3,0,1,0,6,0
54,6,J4,0,1,1,24,0
54,6,J5,0,1,0,7,0
54,7,J1,0,1,1,33,1
54,7,J2,0,1,1,24,0
54,7,J3,0,1,1,31,1
54,7,J4,0,1,0,10,0
54,7,J5,0,1,1,22,0
54,8,J1,1,1,1,65,2
54,8,J2,1,1,1,74,2
54,8,J3,1,1,2,75,2
54,8,J4,1,1,0,66,2
54,8,J5,1,1,1,66,2
54,9,J1,1,1,0,60,2
54,9,J2,1,1,2,63,2
54,9,J3,1,1,0,54,1
54,9,J4,1,1,1,87,2
54,9,J5,1,1,0,52,1
54,10,J1,0,1,1,26,0
54,10,J2,0,1,0,3,0
54,10,J3,0,1,2,9,0
54,10,J4,0,1,2,14,0
54,10,J5,0,1,2,3,0
54,11,J1,0,1,2,7,0
54,11,J2,0,1,0,9,0
54,11,J3,0,1,0,6,0
54,11,J4,0,1,2,17,0
54,11,J5,0,1,1,32,1
54,12,J1,0,1,0,10,0
54,12,J2,0,1,1,21,0
54,12,J3,0,1,1,33,1
54,12,J4,0,1,0,13,0
54,12,J5,0,1,0,17,0
54,13,J1,0,1,0,1,0
54,13,J2,0,1,1,30,1
54,13,J3,0,1,1,36,1
54,13,J4,0,1,1,26,0
54,13,J5,0,1,2,10,0
54,14,J1,0,1,2,7,0
54,14,J2,0,1,1,19,0
54,14,J3,0,1,1,21,0
54,14,J4,0,1,1,39,1
54,14,J5,0,1,1,27,0
54,15,J1,0,1,0,12,0
54,15,J2,0,1,0,13,0
54,15,J3,0,1,0,17,0
54,15,J4,0,1,0,10,0
54,15,J5,0,1,0,15,0
54,16,J1,0,1,2,11,0
54,16,J2,0,1,2,7,0
54,16,J3,0,1,2,15,0
54,16,J4,0,1,0,2,0
54,16,J5,0,1,0,11,0
54,17,J1,1,1,2,70,2
54,17,J2,1,1,0,61,2
54,17,J3,1,1,1,85,2
54,17,J4,1,1,0,67,2
54,17,J5,1,1,1,82,2
54,18,J1,1,1,0,64,2
54,18,J2,1,1,2,42,1
54,18,J3,1,1,2,52,1
54,18,J4,1,1,1,64,2
54,18,J5,1,1,0,44,1
54,19,J1,1,1,2,56,1
54,19,J2,1,1,2,66,2
54,19,J3,1,1,0,65,2
54,19,J4,1,1,0,51,1
54,19,J5,1,1,1,77,2
54,20,J1,0,1,1,21,0
54,20,J2,0,1,1,15,0
54,20,J3,0,1,2,4,0
54,20,J4,0,1,1,21,0
54,20,J5,0,1,0,8,0
54,21,J1,0,1,2,19,0
54,21,J2,0,1,1,18,0
54,21,J3,0,1,0,1,0
54,21,J4,0,1,1,34,1
54,21,J5,0,1,2,1,0
54,22,J1,0,1,2,11,0
54,22,J2,0,1,1,23,0
54,22,J3,0,1,1,22,0
54,22,J4,0,1,2,10,0
54,22,J5,0,1,2,8,0
54,23,J1,0,1,2,11,0
54,23,J2,0,1,1,28,0
54,23,J3,0,1,1,22,0
54,23,J4,0,1,0,10,0
54,23,J5,0,1,0,13,0
55,0,J1,0,1,1,34,1
55,0,J2,0,1,1,24,0
55,0,J3,0,1,0,17,0
55,0,J4,0,1,0,8,0
55,0,J5,0,1,0,11,0
55,1,J1,0,1,0,11,0
55,1,J2,0,1,0,17,0
55,1,J3,0,1,1,26,0
55,1,J4,0,1,1,27,0
55,1,J5,0,1,2,9,0
55,2,J1,0,1,1,25,0
55,2,J2,0,1,0,6,0
55,2,J3,0,1,0,12,0
55,2,J4,0,1,2,8,0
55,2,J5,0,1,0,9,0
55,3,J1,0,1,0,11,0
55,3,J2,0,1,0,16,0
55,3,J3,0,1,0,15,0
55,3,J4,0,1,1,27,0
55,3,J5,0,1,2,18,0
55,4,J1,0,1,0,6,0
55,4,J2,0,1,1,28,0
55,4,J3,0,1,2,4,0
55,4,J4,0,1,0,8,0
55,4,J5,0,1,1,25,0
55,5,J1,0,1,2,12,0
55,5,J2,0,1,2,7,0
55,5,J3,0,1,2,14,0
55,5,J4,0,1,1,26,0
55,5,J5,0,1,2,4,0
55,6,J1,0,1,2,10,0
55,6,J2,0,1,0,14,0
55,6,J3,0,1,2,3,0
55,6,J4,0,1,1,33,1
55,6,J5,0,1,0,6,0
55,7,J1,0,1,0,9,0
55,7,J2,0,1,1,26,0
55,7,J3,0,1,1,27,0
55,7,J4,0,1,2,13,0
55,7,J5,0,1,0,6,0
55,8,J1,1,1,0,65,2
55,8,J2,1,1,1,86,2
55,8,J3,1,1,0,66,2
55,8,J4,1,1,1,64,2
55,8,J5,1,1,2,46,1
55,9,J1,1,1,0,52,1
55,9,J2,1,1,2,61,2
55,9,J3,1,1,0,65,2
55,9,J4,1,1,2,70,2
55,9,J5,1,1,1,54,1
55,10,J1,0,1,0,10,0
55,10,J2,0,1,1,23,0
55,10,J3,0,1,0,13,0
55,10,J4,0,1,1,35,1
55,10,J5,0,1,1,28,0
55,11,J1,0,1,1,30,1
55,11,J2,0,1,1,31,1
55,11,J3,0,1,0,5,0
55,11,J4,0,1,0,15,0
55,11,J5,0,1,2,8,0
55,12,J1,0,1,0,11,0
55,12,J2,0,1,2,20,0
55,12,J3,0,1,1,31,1
55,12,J4,0,1,0,14,0
55,12,J5,0,1,0,4,0
55,13,J1,0,1,1,20,0
55,13,J2,0,1,2,12,0
55,13,J3,0,1,1,22,0
55,13,J4,0,1,0,17,0
55,13,J5,0,1,0,8,0
55,14,J1,0,1,1,21,0
55,14,J2,0,1,1,31,1
55,14,J3,0,1,1,36,1
55,14,J4,0,1,1,26,0
55,14,J5,0,1,2,12,0
55,15,J1,0,1,1,25,0
55,15,J2,0,1,0,7,0
55,15,J3,0,1,2,8,0
55,15,J4,0,1,0,20,0
55,15,J5,0,1,2,14,0
55,16,J1,0,1,0,13,0
55,16,J2,0,1,0,10,0
55,16,J3,0,1,2,10,0
55,16,J4,0,1,1,26,0
55,16,J5,0,1,0,6,0
55,17,J1,1,1,1,62,2
55,17,J2,1,1,0,47,1
55,17,J3,1,1,0,52,1
55,17,J4,1,1,1,63,2
55,17,J5,1,1,1,65,2
55,18,J1,1,1,0,67,2
55,18,J2,1,1,2,59,1
55,18,J3,1,1,2,49,1
55,18,J4,1,1,0,72,2
55,18,J5,1,1,1,62,2
55,19,J1,1,1,1,66,2
55,19,J2,1,1,0,55,1
55,19,J3,1,1,2,53,1
55,19,J4,1,1,0,49,1
55,19,J5,1,1,0,63,2
55,20,J1,0,1,2,16,0
55,20,J2,0,1,0,5,0
55,20,J3,0,1,1,37,1
55,20,J4,0,1,2,16,0
55,20,J5,0,1,1,15,0
55,21,J1,0,1,1,19,0
55,21,J2,0,1,1,22,0
55,21,J3,0,1,2,12,0
55,21,J4,0,1,1,34,1
55,21,J5,0,1,1,23,0
55,22,J1,0,1,2,8,0
55,22,J2,0,1,2,9,0
55,22,J3,0,1,0,1,0
55,22,J4,0,1,0,6,0
55,22,J5,0,1,1,30,1
55,23,J1,0,1,0,9,0
55,23,J2,0,1,1,16,0
55,23,J3,0,1,1,28,0
55,23,J4,0,1,1,34,1
55,23,J5,0,1,0,13,0
56,0,J1,0,0,0,19,0
56,0,J2,0,0,1,29,0
56,0,J3,0,0,2,25,0
56,0,J4,0,0,0,22,0
56,0,J5,0,0,0,15,0
56,1,J1,0,0,0,16,0
56,1,J2,0,0,2,18,0
56,1,J3,0,0,1,42,1
56,1,J4,0,0,1,29,0
56,1,J5,0,0,2,24,0
56,2,J1,0,0,1,28,0
56,2,J2,0,0,0,16,0
56,2,J3,0,0,1,41,1
56,2,J4,0,0,0,15,0
56,2,J5,0,0,1,38,1
56,3,J1,0,0,1,27,0
56,3,J2,0,0,2,15,0
56,3,J3,0,0,2,16,0
56,3,J4,0,0,1,36,1
56,3,J5,0,0,0,19,0
56,4,J1,0,0,0,25,0
56,4,J2,0,0,1,31,1
56,4,J3,0,0,2,22,0
56,4,J4,0,0,0,25,0
56,4,J5,0,0,0,24,0
56,5,J1,0,0,1,40,1
56,5,J2,0,0,0,15,0
56,5,J3,0,0,1,31,1
56,5,J4,0,0,2,20,0
56,5,J5,0,0,1,40,1
56,6,J1,0,0,0,20,0
56,6,J2,0,0,2,20,0
56,6,J3,0,0,2,23,0
56,6,J4,0,0,2,17,0
56,6,J5,0,0,1,40,1
56,7,J1,0,0,1,36,1
56,7,J2,0,0,1,37,1
56,7,J3,0,0,1,31,1
56,7,J4,0,0,2,22,0
56,7,J5,0,0,2,23,0
56,8,J1,1,0,1,73,2
56,8,J2,1,0,2,55,1
56,8,J3,1,0,1,99,2
56,8,J4,1,0,1,87,2
56,8,J5,1,0,0,73,2
56,9,J1,1,0,1,83,2
56,9,J2,1,0,2,63,2
56,9,J3,1,0,2,73,2
56,9,J4,1,0,2,52,1
56,9,J5,1,0,2,58,1
56,10,J1,0,0,1,34,1
56,10,J2,0,0,2,15,0
56,10,J3,0,0,2,16,0
56,10,J4,0,0,2,15,0
56,10,J5,0,0,1,43,1
56,11,J1,0,0,0,18,0
56,11,J2,0,0,2,20,0
56,11,J3,0,0,1,31,1
56,11,J4,0,0,2,20,0
56,11,J5,0,0,2,21,0
56,12,J1,0,0,2,25,0
56,12,J2,0,0,1,37,1
56,12,J3,0,0,1,32,1
56,12,J4,0,0,0,25,0
56,12,J5,0,0,2,22,0
56,13,J1,0,0,0,18,0
56,13,J2,0,0,2,15,0
56,13,J3,0,0,2,16,0
56,13,J4,0,0,1,28,0
56,13,J5,0,0,2,19,0
56,14,J1,0,0,0,21,0
56,14,J2,0,0,1,36,1
56,14,J3,0,0,2,16,0
56,14,J4,0,0,0,15,0
56,14,J5,0,0,0,15,0
56,15,J1,0,0,1,29,0
56,15,J2,0,0,0,25,0
56,15,J3,0,0,0,16,0
56,15,J4,0,0,1,33,1
56,15,J5,0,0,1,40,1
56,16,J1,0,0,1,34,1
56,16,J2,0,0,1,36,1
56,16,J3,0,0,1,32,1
56,16,J4,0,0,1,43,1
56,16,J5,0,0,1,44,1
56,17,J1,1,0,2,56,1
56,17,J2,1,0,1,68,2
56,17,J3,1,0,1,66,2
56,17,J4,1,0,1,88,2
56,17,J5,1,0,1,95,2
56,18,J1,1,0,1,102,2
56,18,J2,1,0,0,57,1
56,18,J3,1,0,1,87,2
56,18,J4,1,0,1,74,2
56,18,J5,1,0,0,78,2
56,19,J1,1,0,0,65,2
56,19,J2,1,0,2,58,1
56,19,J3,1,0,2,60,2
56,19,J4,1,0,1,79,2
56,19,J5,1,0,0,70,2
56,20,J1,0,0,0,15,0
56,20,J2,0,0,2,17,0
56,20,J3,0,0,2,25,0
56,20,J4,0,0,0,23,0
56,20,J5,0,0,1,34,1
56,21,J1,0,0,0,22,0
56,21,J2,0,0,1,40,1
56,21,J3,0,0,2,25,0
56,21,J4,0,0,2,15,0
56,21,J5,0,0,1,35,1
56,22,J1,0,0,2,23,0
56,22,J2,0,0,1,34,1
56,22,J3,0,0,1,27,0
56,22,J4,0,0,1,39,1
56,22,J5,0,0,1,36,1
56,23,J1,0,0,0,16,0
56,23,J2,0,0,0,22,0
56,23,J3,0,0,1,28,0
56,23,J4,0,0,1,37,1
56,23,J5,0,0,1,29,0
57,0,J1,0,0,0,18,0
57,0,J2,0,0,1,44,1
57,0,J3,0,0,1,35,1
57,0,J4,0,0,2,16,0
57,0,J5,0,0,0,17,0
57,1,J1,0,0,0,17,0
57,1,J2,0,0,2,24,0
57,1,J3,0,0,2,15,0
57,1,J4,0,0,1,37,1
57,1,J5,0,0,2,21,0
57,2,J1,0,0,0,23,0
57,2,J2,0,0,2,20,0
57,2,J3,0,0,2,23,0
57,2,J4,0,0,0,21,0
57,2,J5,0,0,1,29,0
57,3,J1,0,0,1,39,1
57,3,J2,0,0,0,16,0
57,3,J3,0,0,0,19,0
57,3,J4,0,0,2,20,0
57,3,J5,0,0,1,39,1
57,4,J1,0,0,0,17,0
57,4,J2,0,0,0,15,0
57,4,J3,0,0,0,16,0
57,4,J4,0,0,2,17,0
57,4,J5,0,0,2,18,0
57,5,J1,0,0,1,43,1
57,5,J2,0,0,1,37,1
57,5,J3,0,0,1,36,1
57,5,J4,0,0,0,24,0
57,5,J5,0,0,1,34,1
57,6,J1,0,0,0,18,0
57,6,J2,0,0,0,17,0
57,6,J3,0,0,1,33,1
57,6,J4,0,0,0,20,0
57,6,J5,0,0,0,23,0
57,7,J1,0,0,0,16,0
57,7,J2,0,0,2,25,0
57,7,J3,0,0,1,42,1
57,7,J4,0,0,0,19,0
57,7,J5,0,0,0,20,0
57,8,J1,1,0,0,79,2
57,8,J2,1,0,0,61,2
57,8,J3,1,0,1,80,2
57,8,J4,1,0,0,56,1
57,8,J5,1,0,2,75,2
57,9,J1,1,0,2,73,2
57,9,J2,1,0,0,68,2
57,9,J3,1,0,2,50,1
57,9,J4,1,0,1,81,2
57,9,J5,1,0,0,62,2
57,10,J1,0,0,1,40,1
57,10,J2,0,0,0,19,0
57,10,J3,0,0,1,31,1
57,10,J4,0,0,0,20,0
57,10,J5,0,0,1,28,0
57,11,J1,0,0,2,20,0
57,11,J2,0,0,1,41,1
57,11,J3,0,0,0,17,0
57,11,J4,0,0,1,42,1
57,11,J5,0,0,1,45,1
57,12,J1,0,0,0,18,0
57,12,J2,0,0,2,23,0
57,12,J3,0,0,1,33,1
57,12,J4,0,0,1,34,1
57,12,J5,0,0,1,34,1
57,13,J1,0,0,0,17,0
57,13,J2,0,0,2,15,0
57,13,J3,0,0,1,35,1
57,13,J4,0,0,1,42,1
57,13,J5,0,0,1,37,1
57,14,J1,0,0,2,20,0
57,14,J2,0,0,1,40,1
57,14,J3,0,0,1,40,1
57,14,J4,0,0,2,23,0
57,14,J5,0,0,2,24,0
57,15,J1,0,0,2,25,0
57,15,J2,0,0,2,17,0
57,15,J3,0,0,1,31,1
57,15,J4,0,0,2,22,0
57,15,J5,0,0,1,41,1
57,16,J1,0,0,2,25,0
57,16,J2,0,0,0,19,0
57,16,J3,0,0,2,19,0
57,16,J4,0,0,1,38,1
57,16,J5,0,0,2,18,0
57,17,J1,1,0,1,92,2
57,17,J2,1,0,2,56,1
57,17,J3,1,0,1,74,2
57,17,J4,1,0,2,62,2
57,17,J5,1,0,1,90,2
57,18,J1,1,0,2,60,2
57,18,J2,1,0,0,74,2
57,18,J3,1,0,0,76,2
57,18,J4,1,0,1,93,2
57,18,J5,1,0,1,77,2
57,19,J1,1,0,2,51,1
57,19,J2,1,0,2,72,2
57,19,J3,1,0,2,55,1
57,19,J4,1,0,2,80,2
57,19,J5,1,0,1,77,2
57,20,J1,0,0,1,34,1
57,20,J2,0,0,1,38,1
57,20,J3,0,0,1,38,1
57,20,J4,0,0,0,19,0
57,20,J5,0,0,2,16,0
57,21,J1,0,0,1,32,1
57,21,J2,0,0,2,21,0
57,21,J3,0,0,0,16,0
57,21,J4,0,0,0,19,0
57,21,J5,0,0,1,40,1
57,22,J1,0,0,2,19,0
57,22,J2,0,0,2,24,0
57,22,J3,0,0,1,32,1
57,22,J4,0,0,0,21,0
57,22,J5,0,0,2,22,0
57,23,J1,0,0,2,16,0
57,23,J2,0,0,1,37,1
57,23,J3,0,0,1,28,0
57,23,J4,0,0,0,16,0
57,23,J5,0,0,1,25,0
58,0,J1,0,0,0,19,0
58,0,J2,0,0,0,23,0
58,0,J3,0,0,2,19,0
58,0,J4,0,0,0,16,0
58,0,J5,0,0,2,25,0
58,1,J1,0,0,1,28,0
58,1,J2,0,0,2,24,0
58,1,J3,0,0,0,15,0
58,1,J4,0,0,0,20,0
58,1,J5,0,0,2,19,0
58,2,J1,0,0,1,34,1
58,2,J2,0,0,0,18,0
58,2,J3,0,0,2,24,0
58,2,J4,0,0,2,19,0
58,2,J5,0,0,2,20,0
58,3,J1,0,0,0,17,0
58,3,J2,0,0,0,23,0
58,3,J3,0,0,2,20,0
58,3,J4,0,0,0,17,0
58,3,J5,0,0,1,36,1
58,4,J1,0,0,2,15,0
58,4,J2,0,0,0,16,0
58,4,J3,0,0,2,24,0
58,4,J4,0,0,1,33,1
58,4,J5,0,0,0,18,0
58,5,J1,0,0,1,31,1
58,5,J2,0,0,1,36,1
58,5,J3,0,0,0,18,0
58,5,J4,0,0,1,26,0
58,5,J5,0,0,0,25,0
58,6,J1,0,0,1,40,1
58,6,J2,0,0,2,21,0
58,6,J3,0,0,1,31,1
58,6,J4,0,0,0,16,0
58,6,J5,0,0,1,39,1
58,7,J1,0,0,0,21,0
58,7,J2,0,0,2,21,0
58,7,J3,0,0,0,23,0
58,7,J4,0,0,1,38,1
58,7,J5,0,0,1,39,1
58,8,J1,1,0,1,72,2
58,8,J2,1,0,2,70,2
58,8,J3,1,0,1,82,2
58,8,J4,1,0,0,68,2
58,8,J5,1,0,2,81,2
58,9,J1,1,0,1,69,2
58,9,J2,1,0,0,60,2
58,9,J3,1,0,1,70,2
58,9,J4,1,0,0,66,2
58,9,J5,1,0,1,95,2
58,10,J1,0,0,2,18,0
58,10,J2,0,0,2,16,0
58,10,J3,0,0,1,31,1
58,10,J4,0,0,2,20,0
58,10,J5,0,0,1,31,1
58,11,J1,0,0,1,38,1
58,11,J2,0,0,1,32,1
58,11,J3,0,0,1,33,1
58,11,J4,0,0,1,34,1
58,11,J5,0,0,1,29,0
58,12,J1,0,0,0,24,0
58,12,J2,0,0,2,23,0
58,12,J3,0,0,2,23,0
58,12,J4,0,0,0,15,0
58,12,J5,0,0,1,30,1
58,13,J1,0,0,0,16,0
58,13,J2,0,0,2,17,0
58,13,J3,0,0,0,24,0
58,13,J4,0,0,2,23,0
58,13,J5,0,0,0,19,0
58,14,J1,0,0,0,23,0
58,14,J2,0,0,1,34,1
58,14,J3,0,0,1,33,1
58,14,J4,0,0,1,30,1
58,14,J5,0,0,1,31,1
58,15,J1,0,0,2,16,0
58,15,J2,0,0,0,16,0
58,15,J3,0,0,2,15,0
58,15,J4,0,0,2,25,0
58,15,J5,0,0,2,17,0
58,16,J1,0,0,1,40,1
58,16,J2,0,0,1,30,1
58,16,J3,0,0,0,18,0
58,16,J4,0,0,2,16,0
58,16,J5,0,0,0,16,0
58,17,J1,1,0,1,91,2
58,17,J2,1,0,0,76,2
58,17,J3,1,0,2,74,2
58,17,J4,1,0,2,52,1
58,17,J5,1,0,2,76,2
58,18,J1,1,0,0,70,2
58,18,J2,1,0,1,88,2
58,18,J3,1,0,2,71,2
58,18,J4,1,0,2,61,2
58,18,J5,1,0,1,61,2
58,19,J1,1,0,1,64,2
58,19,J2,1,0,2,76,2
58,19,J3,1,0,2,74,2
58,19,J4,1,0,1,71,2
58,19,J5,1,0,2,51,1
58,20,J1,0,0,0,25,0
58,20,J2,0,0,2,15,0
58,20,J3,0,0,0,21,0
58,20,J4,0,0,0,15,0
58,20,J5,0,0,1,40,1
58,21,J1,0,0,1,41,1
58,21,J2,0,0,2,23,0
58,21,J3,0,0,2,21,0
58,21,J4,0,0,2,22,0
58,21,J5,0,0,2,23,0
58,22,J1,0,0,1,43,1
58,22,J2,0,0,2,21,0
58,22,J3,0,0,1,39,1
58,22,J4,0,0,0,23,0
58,22,J5,0,0,1,27,0
58,23,J1,0,0,0,16,0
58,23,J2,0,0,2,20,0
58,23,J3,0,0,1,35,1
58,23,J4,0,0,1,37,1
58,23,J5,0,0,1,30,1
59,0,J1,0,0,1,35,1
59,0,J2,0,0,0,18,0
59,0,J3,0,0,1,37,1
59,0,J4,0,0,1,36,1
59,0,J5,0,0,2,19,0
59,1,J1,0,0,1,30,1
59,1,J2,0,0,0,18,0
59,1,J3,0,0,1,36,1
59,1,J4,0,0,1,39,1
59,1,J5,0,0,1,35,1
59,2,J1,0,0,0,21,0
59,2,J2,0,0,0,18,0
59,2,J3,0,0,0,25,0
59,2,J4,0,0,0,19,0
59,2,J5,0,0,1,30,1
59,3,J1,0,0,1,41,1
59,3,J2,0,0,1,35,1
59,3,J3,0,0,1,38,1
59,3,J4,0,0,2,22,0
59,3,J5,0,0,0,22,0
59,4,J1,0,0,0,20,0
59,4,J2,0,0,1,32,1
59,4,J3,0,0,2,17,0
59,4,J4,0,0,0,16,0
59,4,J5,0,0,0,23,0
59,5,J1,0,0,1,25,0
59,5,J2,0,0,2,18,0
59,5,J3,0,0,2,23,0
59,5,J4,0,0,1,32,1
59,5,J5,0,0,1,39,1
59,6,J1,0,0,1,39,1
59,6,J2,0,0,1,34,1
59,6,J3,0,0,0,23,0
59,6,J4,0,0,2,16,0
59,6,J5,0,0,1,38,1
59,7,J1,0,0,2,15,0
59,7,J2,0,0,2,23,0
59,7,J3,0,0,2,24,0
59,7,J4,0,0,2,16,0
59,7,J5,0,0,0,21,0
59,8,J1,1,0,1,93,2
59,8,J2,1,0,1,64,2
59,8,J3,1,0,0,70,2
59,8,J4,1,0,1,70,2
59,8,J5,1,0,0,54,1
59,9,J1,1,0,0,57,1
59,9,J2,1,0,2,57,1
59,9,J3,1,0,0,66,2
59,9,J4,1,0,2,56,1
59,9,J5,1,0,0,49,1
59,10,J1,0,0,0,19,0
59,10,J2,0,0,2,22,0
59,10,J3,0,0,0,18,0
59,10,J4,0,0,1,37,1
59,10,J5,0,0,1,27,0
59,11,J1,0,0,2,22,0
59,11,J2,0,0,1,39,1
59,11,J3,0,0,1,38,1
59,11,J4,0,0,2,23,0
59,11,J5,0,0,2,20,0
59,12,J1,0,0,2,25,0
59,12,J2,0,0,1,35,1
59,12,J3,0,0,2,25,0
59,12,J4,0,0,2,24,0
59,12,J5,0,0,2,25,0
59,13,J1,0,0,1,37,1
59,13,J2,0,0,0,15,0
59,13,J3,0,0,1,36,1
59,13,J4,0,0,1,37,1
59,13,J5,0,0,1,31,1
59,14,J1,0,0,2,19,0
59,14,J2,0,0,1,28,0
59,14,J3,0,0,2,18,0
59,14,J4,0,0,0,18,0
59,14,J5,0,0,1,28,0
59,15,J1,0,0,2,23,0
59,15,J2,0,0,2,20,0
59,15,J3,0,0,1,37,1
59,15,J4,0,0,2,20,0
59,15,J5,0,0,1,29,0
59,16,J1,0,0,0,24,0
59,16,J2,0,0,1,36,1
59,16,J3,0,0,1,31,1
59,16,J4,0,0,1,33,1
59,16,J5,0,0,1,32,1
59,17,J1,1,0,1,91,2
59,17,J2,1,0,1,76,2
59,17,J3,1,0,1,82,2
59,17,J4,1,0,1,89,2
59,17,J5,1,0,0,66,2
59,18,J1,1,0,1,74,2
59,18,J2,1,0,2,58,1
59,18,J3,1,0,0,48,1
59,18,J4,1,0,2,47,1
59,18,J5,1,0,2,65,2
59,19,J1,1,0,0,84,2
59,19,J2,1,0,0,46,1
59,19,J3,1,0,1,62,2
59,19,J4,1,0,1,96,2
59,19,J5,1,0,2,79,2
59,20,J1,0,0,2,24,0
59,20,J2,0,0,0,15,0
59,20,J3,0,0,0,19,0
59,20,J4,0,0,1,26,0
59,20,J5,0,0,2,16,0
59,21,J1,0,0,0,24,0
59,21,J2,0,0,0,18,0
59,21,J3,0,0,0,21,0
59,21,J4,0,0,1,30,1
59,21,J5,0,0,2,19,0
59,22,J1,0,0,2,23,0
59,22,J2,0,0,0,24,0
59,22,J3,0,0,1,28,0
59,22,J4,0,0,1,38,1
59,22,J5,0,0,0,25,0
59,23,J1,0,0,2,23,0
59,23,J2,0,0,0,22,0
59,23,J3,0,0,2,18,0
59,23,J4,0,0,2,19,0
59,23,J5,0,0,0,21,0
